edible,bruise,odor,store_pr_color
e,t,a,n
e,t,l,n
e,t,a,n
e,t,l,n
e,t,l,n
e,t,l,n
e,t,l,u
e,t,a,u
e,t,l,u
e,t,l,u
e,t,a,n
e,t,l,n
e,t,a,u
e,t,l,u
e,t,l,n
e,t,a,n
e,t,a,n
e,t,a,n
e,t,a,n
e,t,l,n
e,t,a,u
e,t,l,u
e,t,l,u
e,t,a,n
e,t,l,n
e,t,n,n
e,t,a,n
e,t,a,n
e,t,l,n
e,t,l,n
e,t,a,u
e,t,n,k
e,t,a,n
e,t,l,n
e,t,a,u
e,t,n,n
e,t,l,u
e,t,a,n
e,t,l,n
e,t,a,u
e,t,n,n
e,t,l,n
e,t,a,u
e,t,l,n
e,t,a,n
e,t,l,u
e,t,a,n
e,t,a,u
e,t,a,n
e,t,a,u
e,t,a,u
e,t,l,u
e,t,l,n
e,t,l,u
e,t,a,u
e,t,a,u
e,t,l,n
e,t,l,u
e,t,l,u
e,t,n,k
e,t,l,u
e,t,l,u
e,t,l,u
e,t,l,n
e,t,a,u
e,t,n,n
e,t,l,n
e,t,a,n
e,t,a,u
e,t,a,u
e,t,l,n
e,t,a,n
e,t,l,n
e,t,a,n
e,t,l,n
e,t,a,u
e,t,l,u
e,t,a,n
e,t,a,u
e,t,l,u
e,t,l,u
e,t,n,k
e,t,a,n
e,t,a,u
e,t,n,n
e,t,n,n
e,t,l,u
e,t,n,n
e,t,n,n
e,t,n,k
e,t,l,u
e,t,n,k
e,t,n,n
e,t,n,k
e,t,n,k
e,t,n,k
e,t,n,k
e,t,n,k
e,t,n,n
e,t,a,u
e,t,n,k
e,t,a,u
e,t,n,n
e,t,n,k
e,t,l,u
e,t,n,n
e,t,a,n
e,t,n,n
e,t,n,k
e,t,n,k
e,t,n,k
e,t,l,n
e,t,l,n
e,t,l,u
e,t,n,k
e,t,n,k
e,t,l,u
e,t,n,k
e,t,a,u
e,t,n,n
e,t,n,n
e,t,n,n
e,t,n,k
e,t,n,k
e,t,n,n
e,t,n,n
e,t,n,k
e,t,n,n
e,t,n,n
e,t,n,n
e,t,n,n
e,t,n,k
e,t,n,k
e,t,n,n
e,t,n,n
e,t,n,k
e,t,n,n
e,t,n,k
e,t,n,n
e,t,n,n
e,t,n,n
e,t,n,n
e,t,n,n
e,t,n,k
e,t,n,n
e,t,n,k
e,t,n,k
e,t,n,n
e,t,n,k
e,t,n,n
e,t,n,k
e,t,n,k
e,t,n,k
e,t,n,k
e,t,n,n
e,t,n,n
e,t,a,u
e,t,n,k
e,t,n,n
e,t,a,u
e,t,n,n
e,t,n,n
e,t,n,n
e,t,n,k
e,t,a,u
e,t,n,n
e,t,n,k
e,t,n,n
e,t,n,n
e,t,n,k
e,t,n,n
e,t,n,n
e,t,n,k
e,t,n,n
e,t,n,k
e,t,n,k
e,t,n,n
e,t,n,k
e,t,n,n
e,t,n,n
e,t,n,n
e,t,n,k
e,t,n,k
e,t,n,k
e,t,n,k
e,t,n,k
e,t,n,n
e,t,n,k
e,t,n,k
e,t,n,n
e,t,n,k
e,t,n,k
e,t,n,k
e,t,n,n
e,t,n,k
e,t,n,n
e,t,n,n
e,t,n,k
e,t,n,n
e,t,n,k
e,t,n,k
p,f,f,h
e,t,n,k
e,t,n,n
e,t,n,n
e,t,n,k
e,t,n,n
e,t,n,k
e,t,n,k
e,t,n,n
e,t,n,n
e,t,n,n
e,t,n,k
e,t,n,k
e,t,n,k
e,t,n,n
e,t,n,k
e,t,n,k
e,t,n,k
e,t,n,n
e,t,n,k
e,t,n,k
e,t,n,n
e,t,a,n
e,t,n,n
e,t,n,n
e,t,n,k
e,t,n,n
e,t,n,n
e,t,n,n
e,t,n,n
e,t,n,n
e,t,n,n
e,t,n,n
e,t,n,k
e,t,n,n
e,t,n,n
e,t,n,k
e,t,l,n
e,t,n,k
e,t,n,n
e,t,n,n
e,t,n,n
e,t,n,k
e,t,n,n
e,t,n,k
e,t,n,k
e,t,n,k
e,t,n,k
e,t,n,k
e,t,n,n
e,t,n,k
e,t,n,n
e,t,l,u
e,t,n,k
e,t,n,k
e,t,n,k
e,t,n,n
e,t,n,n
e,t,n,n
e,t,n,n
e,t,n,k
e,t,n,n
e,t,n,k
e,t,n,n
e,t,n,n
e,t,n,k
e,t,n,k
e,t,n,n
e,t,n,n
e,t,n,k
e,t,n,n
e,t,n,n
e,t,n,k
e,t,n,n
e,t,n,k
e,t,n,n
e,t,n,n
e,t,n,n
e,t,n,n
e,t,n,n
e,t,n,n
e,t,n,k
e,t,n,k
e,t,a,n
e,t,a,n
e,t,n,n
e,t,n,k
e,t,n,n
e,t,n,n
e,t,n,k
e,t,n,n
e,t,n,k
e,t,n,k
e,t,n,k
e,t,n,k
e,t,n,k
e,t,n,n
e,t,n,k
e,t,n,n
e,t,n,k
e,t,n,n
e,t,n,n
e,t,n,n
e,t,n,n
e,t,n,n
e,t,n,k
e,t,n,n
e,t,n,k
e,t,n,k
e,t,n,k
e,t,n,n
e,t,n,k
e,t,n,n
e,t,n,n
e,t,n,n
e,t,n,n
e,t,n,n
e,t,n,k
e,t,n,n
e,t,n,k
e,t,n,k
e,t,n,n
e,t,n,k
e,t,n,n
e,t,n,n
e,t,n,n
e,t,n,n
e,t,n,k
e,t,n,n
e,t,n,k
e,t,n,k
e,t,n,k
e,t,n,k
e,t,n,n
e,t,n,n
e,t,n,k
e,t,n,n
e,t,n,k
e,t,n,k
e,t,n,k
e,t,n,k
e,t,n,n
e,t,n,n
e,t,n,k
e,t,n,k
e,t,n,k
e,t,n,n
e,t,n,n
e,t,n,k
p,f,f,h
e,t,n,k
e,t,n,n
e,t,n,n
e,t,n,n
e,t,n,n
e,t,n,n
e,t,n,k
e,t,n,n
e,t,n,k
e,t,n,k
e,t,n,k
e,t,n,n
e,t,n,k
e,t,n,n
e,t,n,k
e,t,n,n
e,t,n,n
e,t,n,k
e,t,n,k
e,t,n,n
e,t,n,n
e,t,n,n
e,t,n,n
e,t,n,n
e,t,n,n
e,t,n,n
e,t,n,k
e,t,n,k
e,t,n,n
e,t,n,k
e,t,n,k
e,t,n,n
e,t,n,n
e,t,n,n
e,t,n,k
e,t,n,k
e,t,n,n
e,t,n,k
e,t,n,n
e,t,n,n
e,t,n,k
e,t,n,n
e,t,n,k
e,t,n,k
e,t,n,n
p,f,f,h
e,t,n,k
e,t,n,n
e,t,n,n
e,t,n,n
e,t,n,k
e,t,n,k
e,t,n,k
e,t,n,k
e,t,n,k
e,t,n,k
e,t,n,n
e,t,n,k
e,t,n,k
e,t,n,k
e,t,n,k
e,t,n,n
e,t,n,k
e,t,n,k
e,t,n,n
e,t,n,n
e,t,n,n
e,t,n,k
e,t,n,k
e,t,n,k
e,t,n,n
e,t,n,k
e,t,n,k
e,t,n,k
e,t,n,n
p,f,c,n
e,t,n,n
e,t,n,k
e,t,n,k
e,t,n,n
e,t,n,n
e,t,n,n
e,t,n,n
e,t,n,k
e,t,n,k
e,t,n,n
e,t,n,k
e,t,n,n
e,t,n,n
e,t,n,n
e,t,n,k
e,t,n,n
e,t,n,k
e,t,n,k
e,t,n,n
e,t,n,k
e,t,n,n
e,t,n,n
e,t,n,k
e,t,n,k
e,t,n,n
p,f,f,h
e,t,n,k
e,t,n,n
e,t,n,k
e,t,n,n
e,t,n,k
e,t,n,k
e,t,n,n
e,t,n,n
e,t,n,k
e,t,n,n
e,t,n,k
e,t,n,n
e,t,n,k
e,t,n,k
e,t,n,n
e,t,n,n
e,t,n,n
e,t,n,n
e,t,n,k
e,t,n,k
e,t,n,n
e,t,n,k
e,t,n,k
e,t,n,n
e,t,n,k
e,t,n,n
e,t,n,n
e,t,n,k
e,t,n,k
e,t,n,k
e,t,n,n
e,t,n,k
e,t,n,n
e,t,n,n
e,t,n,n
e,t,n,k
e,t,n,n
e,t,n,n
e,t,n,k
e,t,n,k
p,f,c,k
e,t,n,k
e,t,n,n
e,t,n,k
e,t,n,k
e,t,n,k
e,t,n,n
e,t,n,k
e,t,n,n
e,t,n,n
e,t,n,n
e,t,n,k
e,t,n,n
e,t,n,k
e,t,n,n
e,t,n,k
e,t,n,k
e,t,n,n
e,t,n,n
e,t,n,k
e,t,n,k
e,t,n,n
e,t,n,n
e,t,n,k
e,t,n,n
e,t,n,n
e,t,n,k
e,t,n,k
e,t,n,k
e,t,n,k
e,t,n,k
e,t,n,n
e,t,n,k
e,t,n,k
e,t,n,k
e,t,n,k
e,t,n,n
e,t,n,k
e,t,n,n
e,t,n,n
e,t,n,k
e,t,n,k
e,t,n,k
e,t,n,k
e,t,n,k
e,t,n,n
e,t,n,n
e,t,n,n
e,t,n,n
e,t,n,n
e,t,n,n
e,t,n,n
e,t,n,n
e,t,n,k
e,t,n,n
e,t,n,n
e,t,n,n
e,t,n,k
e,t,n,n
e,t,n,n
e,t,n,k
e,t,n,k
e,t,n,k
e,t,n,n
e,t,n,k
e,t,n,k
e,t,n,n
e,t,n,k
e,t,n,n
e,t,n,n
e,t,n,k
e,t,n,k
e,t,n,k
e,t,n,k
e,t,n,k
e,t,n,k
e,t,n,k
e,t,n,k
e,t,n,k
e,t,n,n
e,t,n,k
e,t,n,n
e,t,n,n
e,t,n,k
e,t,n,k
e,t,n,k
e,t,n,k
e,t,n,k
e,t,n,k
e,t,n,n
p,f,f,h
e,t,n,k
e,t,n,n
e,t,n,n
e,t,n,k
e,t,n,k
e,t,n,k
e,t,n,n
e,t,n,k
e,t,n,k
e,t,n,n
e,t,n,n
e,t,n,k
e,t,n,k
e,t,n,k
e,t,n,k
e,t,n,k
e,t,n,n
e,t,n,n
e,t,n,n
e,t,n,k
e,t,n,n
e,t,n,k
e,t,n,n
e,t,n,n
e,t,n,k
e,t,n,n
e,t,n,k
e,t,n,n
e,t,n,k
e,t,n,k
e,t,n,k
e,t,n,n
e,t,n,n
e,t,n,k
e,t,n,n
e,t,n,n
e,t,n,n
p,f,c,k
e,t,n,n
e,t,n,k
e,t,n,k
e,t,n,n
e,t,n,k
e,t,n,n
e,t,n,n
e,t,n,k
e,t,n,n
e,t,n,n
e,t,n,n
e,t,n,k
e,t,n,k
e,t,n,n
e,t,n,k
e,t,n,k
p,f,f,h
e,t,n,k
e,t,n,n
e,t,n,k
e,t,n,n
e,t,n,k
e,t,n,k
e,t,n,n
e,t,n,n
e,t,n,k
e,t,n,k
e,t,n,k
e,t,n,n
e,t,n,n
e,t,n,k
e,t,n,n
e,t,n,k
e,t,n,k
e,t,n,k
e,t,n,k
e,t,n,n
e,t,n,k
e,t,n,n
e,t,n,k
e,t,n,k
e,t,n,k
e,t,n,k
e,t,n,n
e,t,n,k
e,t,n,n
e,t,n,n
e,t,n,n
e,t,n,k
e,t,n,k
e,t,n,k
e,t,n,k
p,f,c,n
e,t,n,k
e,t,n,k
e,t,n,n
e,t,n,k
e,t,n,n
e,t,n,n
e,t,n,n
e,t,n,n
e,t,n,k
e,t,n,n
e,t,n,k
e,t,n,n
e,t,n,k
e,t,n,n
e,t,n,k
e,t,n,k
e,t,n,n
e,t,n,n
e,t,n,n
e,t,n,n
e,t,n,k
e,t,n,k
e,t,n,k
e,t,n,n
e,t,n,n
p,f,c,n
e,t,n,k
e,t,n,n
e,t,n,k
e,t,n,k
e,t,n,k
e,t,n,n
e,t,n,k
e,t,n,n
e,t,n,k
e,t,n,k
e,t,n,n
e,t,n,k
e,t,n,n
e,t,n,k
e,t,n,k
e,t,n,n
e,t,n,n
e,t,n,k
e,t,n,k
p,f,f,h
e,t,n,k
e,t,n,k
p,f,f,h
e,t,n,k
e,t,n,k
p,f,f,h
p,f,c,n
e,t,n,k
e,t,n,n
e,t,n,n
e,t,n,k
e,t,n,n
e,t,n,n
e,t,n,n
e,t,n,k
e,t,n,k
e,t,n,k
e,t,n,k
e,t,n,n
e,t,n,k
e,t,n,k
e,t,n,n
e,t,n,n
e,t,n,n
e,t,n,n
e,t,n,k
p,f,c,k
e,t,n,k
e,t,n,n
e,t,n,n
e,t,n,k
e,t,n,k
p,f,f,h
e,t,n,k
e,t,n,n
e,t,n,k
e,t,n,n
p,f,f,h
e,t,n,n
e,t,n,k
e,t,n,k
e,t,n,k
e,t,n,n
e,t,n,k
e,t,n,k
e,t,n,k
e,t,n,k
e,t,n,n
e,t,n,n
e,t,n,k
e,t,n,n
e,t,n,n
e,t,n,n
e,t,n,k
e,t,n,n
e,t,n,n
e,t,n,k
e,t,n,n
e,t,n,k
e,t,n,n
p,f,f,h
e,t,n,k
e,t,n,n
e,t,n,n
e,t,n,n
e,t,n,k
e,t,n,k
e,t,n,k
e,t,n,k
e,t,n,k
e,t,n,n
p,f,f,h
e,t,n,n
e,t,n,n
e,t,n,k
e,t,n,n
e,t,n,k
e,t,n,n
e,t,n,n
e,t,n,n
e,t,n,k
e,t,n,k
e,t,n,n
e,t,n,n
e,t,n,n
e,t,n,k
e,t,n,n
e,t,n,n
e,t,n,n
e,t,n,k
e,t,n,n
e,t,n,n
e,t,n,n
p,f,c,n
e,t,n,n
e,t,n,n
e,t,n,n
e,t,n,n
e,t,n,n
e,t,n,n
e,t,n,n
e,t,n,n
e,t,n,n
e,t,n,n
e,t,n,k
e,t,n,k
e,t,n,n
e,t,n,k
e,t,n,k
e,t,n,n
e,t,n,n
e,t,n,k
e,t,n,n
e,t,n,k
e,t,n,n
e,t,n,k
e,t,n,n
e,t,n,k
e,t,n,k
e,t,n,k
e,t,n,k
e,t,n,k
e,t,n,k
e,t,n,n
e,t,n,n
e,t,n,n
e,t,n,n
e,t,n,k
e,t,n,k
e,t,n,k
e,t,n,n
e,t,n,k
e,t,n,n
e,t,n,n
e,t,n,n
e,t,n,n
e,t,n,n
e,t,n,n
e,t,n,k
e,t,n,k
e,t,n,k
e,t,n,n
e,t,n,n
e,t,n,k
e,t,n,n
e,t,n,n
e,t,n,k
p,f,c,n
e,t,n,k
e,t,n,n
e,t,n,n
e,t,n,n
e,t,n,k
e,t,n,k
e,t,n,k
e,t,n,n
e,t,n,k
e,t,n,n
e,t,n,n
e,t,n,k
p,f,f,h
e,t,n,n
e,t,n,k
e,t,n,n
e,t,n,k
e,t,n,k
e,t,n,n
e,t,n,k
e,t,n,k
e,t,n,n
e,t,n,k
e,t,n,k
e,t,n,k
e,t,n,k
e,t,n,n
e,t,n,n
e,t,n,k
e,t,n,n
e,t,n,k
e,t,n,n
e,t,n,n
e,t,n,k
e,t,n,k
e,t,n,n
e,t,n,n
e,t,n,n
e,t,n,n
e,t,n,k
e,t,n,k
e,t,n,n
e,t,n,n
e,t,n,k
e,t,n,n
e,t,n,n
e,t,n,n
e,t,n,k
e,t,n,k
e,t,n,n
e,t,n,k
e,t,n,k
e,t,n,k
e,t,n,k
e,t,n,n
e,t,n,n
e,t,n,k
e,t,n,k
e,t,n,n
e,t,n,n
e,t,n,k
e,t,n,k
e,t,n,n
p,f,c,k
e,t,n,n
e,t,n,n
e,t,n,k
e,t,n,k
e,t,n,n
e,t,n,n
e,t,n,k
e,t,n,n
e,t,n,k
e,t,n,n
e,t,n,k
e,t,n,k
e,t,n,k
e,t,n,n
e,t,n,n
e,t,n,n
p,f,f,h
e,t,n,n
e,t,n,k
e,t,n,n
p,f,f,h
e,t,n,n
e,t,n,n
e,t,n,k
e,t,n,k
e,t,n,n
e,t,n,n
e,t,n,k
e,t,n,n
e,t,n,k
e,t,n,k
e,t,n,n
e,t,n,k
e,t,n,k
e,t,n,k
e,t,n,k
e,t,n,n
e,t,n,n
e,t,n,k
e,t,n,n
e,t,n,k
e,t,n,n
e,t,n,k
e,t,n,n
e,t,n,n
e,t,n,k
p,f,c,n
e,t,n,n
e,t,n,k
e,t,n,n
e,t,n,n
e,t,n,n
e,t,n,n
e,t,n,k
e,t,n,k
e,t,n,k
e,t,n,n
e,t,n,n
e,t,n,k
e,t,n,n
e,t,n,n
e,t,n,n
e,t,n,n
e,t,n,n
e,t,n,k
e,t,n,n
e,t,n,n
e,t,n,k
e,t,n,n
e,t,n,n
e,t,n,k
e,t,n,k
e,t,n,n
e,t,n,k
e,t,n,k
e,t,n,n
e,t,n,n
e,t,n,k
e,t,n,k
e,t,n,n
e,t,n,k
e,t,n,k
e,t,n,n
e,t,n,n
e,t,n,n
e,t,n,k
e,t,n,k
e,t,n,k
p,f,c,k
e,t,n,n
e,t,n,n
e,t,n,k
e,t,n,k
e,t,n,k
e,t,n,n
e,t,n,n
e,t,n,k
e,t,n,n
e,t,n,n
e,t,n,n
e,t,n,n
e,t,n,n
e,t,n,n
e,t,n,k
e,t,n,k
e,t,n,n
p,f,c,k
e,t,n,k
e,t,n,k
e,t,n,k
e,t,n,k
e,t,n,k
e,t,n,n
e,t,n,n
e,t,n,n
e,t,n,k
e,t,n,k
e,t,n,n
e,t,n,n
e,t,n,k
e,t,n,n
e,t,n,n
e,t,n,k
e,t,n,n
e,t,n,n
e,t,n,n
e,t,n,n
e,t,n,k
e,t,n,n
e,t,n,k
e,t,n,k
e,t,n,k
p,f,c,k
e,t,n,k
e,t,n,k
e,t,n,k
p,f,c,n
e,t,n,k
e,t,n,k
e,t,n,k
e,t,n,k
e,t,n,k
e,t,n,n
e,t,n,k
e,t,n,n
e,t,n,n
e,t,n,n
p,f,f,h
e,t,n,n
e,t,n,k
e,t,n,k
e,t,n,k
e,t,n,k
e,t,n,n
e,t,n,n
e,t,n,n
e,t,n,n
e,t,n,k
e,t,n,k
e,t,n,n
e,t,n,n
e,t,n,k
e,t,n,k
e,t,n,n
e,t,n,k
e,t,n,n
e,t,n,k
e,t,n,k
e,t,n,k
e,t,n,n
p,f,f,h
e,t,n,k
e,t,n,n
e,t,n,n
e,t,n,n
e,t,n,k
e,t,n,k
e,t,n,k
e,t,n,k
e,t,n,k
e,t,n,n
p,f,f,h
e,t,n,n
e,t,n,k
e,t,n,n
e,t,n,n
e,t,n,n
e,t,n,n
e,t,n,k
e,t,n,n
e,t,n,k
e,t,n,k
e,t,n,n
e,t,n,n
e,t,n,k
e,t,n,n
e,t,n,k
e,t,n,n
e,t,n,n
e,t,n,n
e,t,n,k
e,t,n,k
e,t,n,n
e,t,n,k
e,t,n,k
e,t,n,n
e,t,n,n
e,t,n,n
e,t,n,k
e,t,n,n
e,t,n,k
e,t,n,n
e,t,n,n
e,t,n,k
e,t,n,k
e,t,n,k
e,t,n,n
e,t,n,n
e,t,n,k
e,t,n,k
e,t,n,n
e,t,n,k
e,t,n,n
e,t,n,n
e,t,n,n
e,t,n,n
e,t,n,n
e,t,n,k
e,t,n,k
e,t,n,k
e,t,n,k
e,t,n,n
e,t,n,k
p,f,f,h
e,t,n,k
e,t,n,n
e,t,n,n
e,t,n,k
e,t,n,k
e,t,n,k
e,t,n,k
e,t,n,k
e,t,n,n
e,t,n,k
p,f,f,h
e,t,n,n
p,f,f,h
p,f,c,k
e,t,n,n
e,t,n,n
e,t,n,k
e,t,n,k
p,f,f,h
e,t,n,n
e,t,n,k
e,t,n,n
p,f,c,n
e,t,n,n
e,t,n,k
p,f,f,h
p,f,f,h
e,t,n,n
e,t,n,k
e,t,n,k
e,t,n,k
e,t,n,n
e,t,n,n
e,t,n,n
e,t,n,k
p,f,c,k
p,f,f,h
e,t,n,n
e,t,n,k
e,t,n,k
e,t,n,n
e,t,n,k
e,t,n,n
p,f,f,h
e,t,n,n
e,t,n,n
p,f,c,n
e,t,n,k
e,t,n,k
p,f,f,h
p,f,f,h
e,t,n,k
e,t,n,k
e,t,n,n
e,t,n,n
e,t,n,k
p,f,c,n
e,t,n,k
e,t,n,k
e,t,n,k
e,t,n,k
p,f,c,k
e,t,n,n
e,t,n,n
e,t,n,n
e,t,n,k
p,f,c,n
p,f,c,k
e,t,n,k
p,f,f,h
p,f,c,k
p,f,f,h
e,t,n,n
p,f,f,h
e,t,n,n
e,t,n,k
e,t,n,k
p,f,c,n
p,f,f,h
e,t,n,k
e,t,n,k
e,t,n,k
p,f,f,h
e,t,n,n
p,f,f,h
e,t,n,n
e,t,n,k
p,f,f,h
e,t,n,k
e,t,n,n
e,t,n,n
p,f,f,h
e,t,n,n
e,t,n,k
p,f,f,h
e,t,n,k
p,f,f,h
e,t,n,n
p,f,f,h
p,f,f,h
p,f,f,h
e,t,n,n
p,f,f,h
e,t,n,n
p,f,c,n
e,t,n,k
p,f,c,n
e,t,n,n
e,t,n,n
e,t,n,k
e,t,n,k
p,f,f,h
p,f,f,h
p,f,c,k
e,t,n,k
e,t,n,k
e,t,n,k
e,t,n,k
p,f,f,h
p,f,c,k
e,t,n,k
e,t,n,n
e,t,n,k
e,t,n,n
e,t,n,k
e,t,n,k
e,t,n,k
p,f,c,k
p,f,c,n
e,t,n,k
e,t,n,n
p,f,f,h
e,t,n,k
p,f,c,k
e,t,n,n
e,t,n,k
e,t,n,n
e,t,n,n
e,t,n,n
e,t,n,k
e,t,n,n
e,t,n,k
e,t,n,n
e,t,n,k
e,t,n,k
e,t,n,k
e,t,n,n
p,f,f,h
e,t,n,n
e,t,n,k
p,f,f,h
e,t,n,k
e,t,n,k
e,t,n,n
e,t,n,n
e,t,n,k
p,f,c,n
p,f,c,n
e,t,n,k
e,t,n,k
e,t,n,n
p,f,f,h
e,t,n,n
e,t,n,k
e,t,n,k
p,f,c,n
e,t,n,k
e,t,n,k
p,f,f,h
e,t,n,k
p,f,f,h
p,f,c,k
e,t,n,k
p,f,f,h
p,f,c,n
p,f,f,h
e,t,n,n
p,f,f,h
p,f,c,n
e,t,n,n
e,t,n,k
e,t,n,n
p,f,f,h
p,f,c,k
e,t,n,n
e,t,n,k
e,t,n,k
e,t,n,k
p,f,f,h
e,t,n,n
p,f,c,k
p,f,c,k
e,t,n,n
e,t,n,n
e,t,n,k
e,t,n,k
p,f,f,h
p,f,f,h
e,t,n,k
p,f,f,h
p,f,c,k
e,t,n,n
p,f,f,h
e,t,n,k
e,t,n,n
e,t,n,k
e,t,n,k
e,t,n,n
p,f,f,h
e,t,n,n
p,f,f,h
e,t,n,n
e,t,n,k
e,t,n,n
p,f,f,h
e,t,n,k
e,t,n,k
p,f,f,h
p,f,c,n
e,t,n,k
p,f,f,h
e,t,n,n
e,t,n,n
e,t,n,k
e,t,n,n
e,t,n,k
e,t,n,n
p,f,c,k
e,t,n,n
e,t,n,n
e,t,n,n
e,t,n,n
e,t,n,k
e,t,n,n
e,t,n,n
p,f,f,h
p,f,c,k
e,t,n,k
e,t,n,k
e,t,n,n
p,f,f,h
p,f,c,n
p,f,f,h
e,t,n,k
p,f,f,h
e,t,n,n
e,t,n,n
e,t,n,k
p,f,f,h
e,t,n,k
e,t,n,k
p,f,c,k
p,f,f,h
e,t,n,k
p,f,f,h
p,f,f,h
e,t,n,n
p,f,f,h
e,t,n,n
e,t,n,k
e,t,n,n
e,t,n,k
p,f,c,n
e,t,n,k
e,t,n,n
e,t,n,n
e,t,n,k
p,f,c,n
p,f,f,h
e,t,n,k
e,t,n,k
p,f,c,n
e,t,n,n
p,f,f,h
p,f,f,h
e,t,n,n
e,t,n,n
p,f,c,n
p,f,f,h
p,f,c,n
e,t,n,k
e,t,n,k
e,t,n,n
p,f,f,h
e,t,n,k
p,f,c,k
p,f,f,h
e,t,n,n
e,t,n,n
p,f,f,h
p,f,f,h
p,f,c,k
e,t,n,k
p,f,f,h
e,t,n,n
e,t,n,n
e,t,n,n
e,t,n,n
e,t,n,k
e,t,n,k
e,t,n,n
p,f,c,k
e,t,n,n
e,t,n,k
p,f,c,n
e,t,n,k
e,t,n,k
p,f,f,h
e,t,n,n
p,f,f,h
e,t,n,n
e,t,n,n
e,t,n,n
p,f,f,h
e,t,n,n
p,f,c,k
e,t,n,n
e,t,n,k
e,t,n,n
e,t,n,n
e,t,n,n
e,t,n,n
p,f,f,h
e,t,n,k
e,t,n,n
e,t,n,n
e,t,n,n
e,t,n,k
e,t,n,k
e,t,n,n
e,t,n,k
p,f,c,n
p,f,f,h
e,t,n,n
e,t,n,n
p,f,c,k
p,f,c,n
p,f,f,h
e,t,n,k
e,t,n,k
p,f,c,k
e,t,n,n
e,t,n,k
p,f,f,h
e,t,n,k
e,t,n,k
p,f,c,k
e,t,n,n
p,f,f,h
e,t,n,k
p,f,f,h
e,t,n,k
e,t,n,k
e,t,n,n
e,t,n,k
p,f,c,k
e,t,n,n
e,t,n,k
p,f,f,h
e,t,n,n
p,f,c,n
p,f,f,h
e,t,n,k
e,t,n,n
e,t,n,k
e,t,n,n
p,f,c,k
p,f,f,h
p,f,c,n
e,t,n,n
e,t,n,n
p,f,f,h
p,f,f,h
e,t,n,n
p,f,c,n
p,f,c,k
e,t,n,k
e,t,n,n
e,t,n,k
e,t,n,k
p,f,c,n
p,f,f,h
e,t,n,k
e,t,n,n
e,t,n,k
e,t,n,n
e,t,n,n
e,t,n,k
p,f,f,h
e,t,n,k
p,f,c,n
e,t,n,n
e,t,n,k
e,t,n,n
e,t,n,k
e,t,n,k
e,t,n,n
p,f,c,n
p,f,f,h
p,f,c,k
e,t,n,n
e,t,n,n
p,f,c,n
e,t,n,k
p,f,c,k
e,t,n,n
p,f,c,k
e,t,n,n
p,f,f,h
p,f,c,k
e,t,n,n
p,f,f,h
p,f,c,k
e,t,n,k
p,f,c,n
e,t,n,n
e,t,n,k
e,t,n,n
e,t,n,k
e,t,n,n
p,f,c,n
e,t,n,k
e,t,n,n
e,t,n,n
e,t,n,n
e,t,n,k
p,f,f,h
p,f,c,n
e,t,n,k
e,t,n,n
p,f,c,k
e,t,n,k
e,t,n,k
e,t,n,k
p,f,f,h
p,f,c,k
e,t,n,n
e,t,n,n
e,t,n,k
e,t,n,n
e,t,n,k
p,f,f,h
e,t,n,k
e,t,n,n
p,f,c,n
e,t,n,n
p,f,f,h
e,t,n,k
p,f,f,h
e,t,n,k
p,f,c,n
e,t,n,n
p,f,c,n
p,f,c,n
e,t,n,n
p,f,c,n
p,f,f,h
e,t,n,n
e,t,n,k
e,t,n,k
p,f,f,h
p,f,c,n
p,f,f,h
p,f,c,n
e,t,n,k
e,t,n,k
p,f,c,k
e,t,n,k
e,t,n,k
e,t,n,k
e,t,n,k
e,t,n,k
p,f,c,k
e,t,n,n
p,f,f,h
e,t,n,n
e,t,n,n
p,f,c,n
p,f,c,n
e,t,n,n
e,t,n,k
e,t,n,k
p,f,f,h
e,t,n,k
e,t,n,k
e,t,n,n
p,f,c,k
e,t,n,n
p,f,f,h
e,t,n,k
e,t,n,k
e,t,n,k
p,f,c,n
p,f,c,n
e,t,n,k
e,t,n,k
e,t,n,k
p,f,f,h
e,t,n,k
p,f,f,h
e,t,n,n
p,f,f,h
e,t,n,n
e,t,n,k
e,t,n,n
p,f,f,h
e,t,n,k
e,t,n,n
e,t,n,n
p,f,c,k
e,t,n,k
e,t,n,k
e,t,n,n
e,t,n,k
e,t,n,k
p,f,f,h
e,t,n,k
p,f,f,h
e,t,n,k
e,t,n,n
p,f,f,h
e,t,n,n
p,f,f,h
e,t,n,k
p,f,c,n
e,t,n,k
e,t,n,k
e,t,n,k
e,t,n,k
e,t,n,n
p,f,c,k
p,f,f,h
e,t,n,n
e,t,n,n
p,f,c,n
e,t,n,n
e,t,n,k
e,t,n,k
e,t,n,k
e,t,n,n
p,f,c,n
e,t,n,k
p,f,f,h
e,t,n,k
e,t,n,k
p,f,c,k
e,t,n,n
e,t,n,n
p,f,f,h
e,t,n,n
e,t,n,n
e,t,n,k
p,f,c,n
p,f,f,h
e,t,n,k
e,t,n,k
p,f,c,n
e,t,n,n
e,t,n,k
e,t,n,k
e,t,n,n
e,t,n,n
e,t,n,n
p,f,c,k
e,t,n,k
p,f,f,h
p,f,c,n
e,t,n,k
p,f,f,h
p,f,c,k
e,t,n,k
e,t,n,k
e,t,n,n
e,t,n,n
p,f,f,h
e,t,n,n
p,f,f,h
e,t,n,n
e,t,n,n
p,f,f,h
e,t,n,k
p,f,f,h
e,t,n,n
e,t,n,n
e,t,n,k
e,t,n,n
e,t,n,k
e,t,n,n
e,t,n,n
e,t,n,n
p,f,f,h
e,t,n,k
p,f,c,k
e,t,n,n
e,t,n,k
e,t,n,k
e,t,n,k
e,t,n,n
e,t,n,n
p,f,c,k
e,t,n,n
e,t,n,k
e,t,n,k
p,f,f,h
e,t,n,n
e,t,n,k
p,f,f,h
e,t,n,k
p,f,f,h
e,t,n,k
e,t,n,k
e,t,n,k
e,t,n,k
p,f,f,h
p,f,c,k
p,f,f,h
p,f,f,h
p,f,f,h
e,t,n,k
p,f,f,h
e,t,n,k
e,t,n,n
e,t,n,k
p,f,f,h
e,t,n,k
p,f,c,n
e,t,n,n
e,t,n,k
e,t,n,k
e,t,n,n
p,f,f,h
p,f,f,h
e,t,n,k
e,t,n,n
p,f,f,h
e,t,n,n
p,f,c,n
e,t,n,n
e,t,n,k
p,f,f,h
e,t,n,k
p,f,c,k
p,f,f,h
e,t,n,n
p,f,f,h
e,t,n,k
e,t,n,n
e,t,n,n
e,t,n,n
e,t,n,n
e,t,n,k
e,t,n,k
e,t,n,k
p,f,f,h
e,t,n,k
e,t,n,n
p,f,f,h
p,f,f,h
p,f,f,h
e,t,n,n
e,t,n,k
p,f,f,h
p,f,f,h
p,f,f,h
e,t,n,n
p,f,c,n
e,t,n,n
p,f,f,h
e,t,n,n
e,t,n,k
p,f,f,h
e,t,n,k
p,f,c,n
e,t,n,k
e,t,n,n
e,t,n,n
p,f,f,h
e,t,n,n
e,t,n,n
p,f,c,k
e,t,n,k
e,t,n,k
e,t,n,n
e,t,n,n
p,f,f,h
e,t,n,n
e,t,n,k
e,t,n,k
p,f,c,k
e,t,n,k
e,t,n,k
e,t,n,k
p,f,c,k
p,f,f,h
e,t,n,n
p,f,f,h
p,f,c,n
e,t,n,k
e,t,n,n
e,t,n,n
e,t,n,n
p,f,c,n
e,t,n,n
p,f,f,h
e,t,n,n
e,t,n,n
p,f,c,k
e,t,n,n
p,f,c,n
e,t,n,n
p,f,f,h
e,t,n,k
p,f,c,n
p,f,f,h
e,t,n,n
e,t,n,k
p,f,c,n
p,f,f,h
e,t,n,n
p,f,f,h
e,t,n,k
e,t,n,k
p,f,f,h
e,t,n,k
e,t,n,k
e,t,n,n
e,t,n,k
p,f,f,h
e,t,n,n
e,t,n,k
e,t,n,n
e,t,n,n
e,t,n,k
p,f,f,h
p,f,c,n
p,f,f,h
e,t,n,n
e,t,n,k
e,t,n,n
e,t,n,n
e,t,n,n
e,t,n,k
e,t,n,k
p,f,f,h
e,t,n,n
e,t,n,n
p,f,f,h
p,f,c,k
p,f,c,k
e,t,n,n
p,f,f,h
p,f,c,n
e,t,n,n
e,t,n,n
e,t,n,k
p,f,f,h
e,t,n,n
e,t,n,n
e,t,n,n
p,f,f,h
p,f,c,n
e,t,n,k
p,f,c,n
p,f,c,n
p,f,f,h
e,t,n,n
e,t,n,k
p,f,f,h
e,t,n,k
e,t,n,n
e,t,n,n
e,t,n,n
e,t,n,k
e,t,n,k
e,t,n,k
e,t,n,n
e,t,n,n
e,t,n,n
e,t,n,k
e,t,n,n
e,t,n,n
e,t,n,n
e,t,n,k
e,t,n,k
p,f,f,h
e,t,n,n
e,t,n,k
e,t,n,n
e,t,n,k
e,t,n,n
p,f,f,h
e,t,n,n
p,f,f,h
e,t,n,n
e,t,n,n
e,t,n,k
p,f,f,h
e,t,n,n
e,t,n,n
p,f,f,h
e,t,n,k
p,f,c,k
e,t,n,n
p,f,c,k
e,t,n,k
p,f,c,n
e,t,n,n
e,t,n,n
e,t,n,k
e,t,n,n
p,f,c,k
e,t,n,k
e,t,n,k
p,f,c,k
e,t,n,k
p,f,c,n
e,t,n,k
p,f,f,h
e,t,n,n
p,f,f,h
e,t,n,k
e,t,n,n
e,t,n,k
p,f,c,k
p,f,f,h
e,t,n,n
e,t,n,k
e,t,n,k
e,t,n,n
e,t,n,k
e,t,n,n
p,f,f,h
e,t,n,n
e,t,n,k
e,t,n,k
p,f,c,k
e,t,n,k
e,t,n,n
p,f,f,h
e,t,n,n
p,f,c,k
e,t,n,k
p,f,c,k
p,f,f,h
p,f,f,h
e,t,n,n
e,t,n,n
e,t,n,n
e,t,n,k
p,f,f,h
e,t,n,n
e,t,n,k
p,f,f,h
e,t,n,k
p,f,c,n
e,t,n,k
e,t,n,n
e,t,n,n
e,t,n,k
e,t,n,n
e,t,n,k
p,f,c,k
e,t,n,n
p,f,f,h
e,t,n,k
e,t,n,n
e,t,n,n
p,f,c,n
p,f,c,n
e,t,n,n
e,t,n,k
e,t,n,k
e,t,n,n
p,f,f,h
p,f,c,k
e,t,n,k
e,t,n,k
p,f,c,k
p,f,c,k
e,t,n,k
p,f,f,h
p,f,c,n
p,f,f,h
p,f,c,n
e,t,n,k
p,f,c,k
e,t,n,n
p,f,c,k
p,f,c,k
e,t,n,k
p,f,c,k
p,f,c,k
e,t,n,n
e,t,n,n
p,f,c,n
e,t,n,k
p,f,c,n
e,t,n,k
p,f,f,h
p,f,f,h
e,t,n,k
p,f,f,h
e,t,n,n
p,f,f,h
p,f,f,h
e,t,n,k
e,t,n,k
p,f,c,n
e,t,n,n
p,f,f,h
p,f,f,h
p,f,f,h
p,f,f,h
p,f,c,n
p,f,f,h
p,f,f,h
p,f,f,h
p,f,f,h
p,f,f,h
e,t,n,k
p,f,f,h
p,f,f,h
p,f,f,h
e,t,n,k
e,t,n,n
e,t,n,n
p,f,f,h
p,f,f,h
p,f,f,h
e,t,n,k
p,f,f,h
e,t,n,k
e,t,n,k
e,t,n,n
p,f,f,h
p,f,f,h
p,f,f,h
e,t,n,n
p,f,f,h
p,f,f,h
p,f,f,h
p,f,f,h
p,f,f,h
p,f,f,h
p,f,c,n
p,f,f,h
e,t,n,k
e,t,n,k
p,f,c,n
p,f,f,h
p,f,f,h
e,t,n,k
e,t,n,n
p,f,f,h
e,t,n,n
p,f,f,h
p,f,f,h
e,t,n,n
p,f,f,h
p,f,f,h
p,f,f,h
p,f,f,h
p,f,c,n
p,f,c,k
p,f,f,h
p,f,f,h
p,f,f,h
e,t,n,n
p,t,f,h
p,f,f,h
e,t,n,k
p,f,f,h
p,f,f,h
p,f,f,h
p,f,f,h
p,f,f,h
p,f,f,h
p,f,f,h
p,f,c,k
p,f,f,h
p,f,f,h
e,t,n,n
e,t,n,k
p,f,f,h
p,f,c,n
p,f,f,h
p,f,f,h
p,f,c,k
e,t,n,n
p,f,f,h
p,f,c,k
p,t,f,h
p,f,f,h
p,f,f,h
p,f,f,h
p,f,f,h
p,f,f,h
e,t,n,n
p,f,f,h
p,f,f,h
p,f,f,h
p,f,c,n
p,f,c,n
p,f,f,h
p,t,f,h
p,f,f,h
e,t,n,k
p,f,f,h
e,t,n,k
p,f,f,h
e,t,n,k
e,t,n,k
p,f,f,h
p,f,f,h
e,t,n,n
p,f,f,h
e,t,n,k
e,t,n,k
e,t,n,n
p,f,f,h
e,t,n,k
p,f,f,h
p,f,f,h
p,f,f,h
p,f,f,h
p,f,f,h
e,t,n,n
e,t,n,n
p,f,f,h
p,f,f,h
p,f,f,h
p,f,f,h
p,f,f,h
p,f,c,n
p,f,f,h
p,t,f,h
p,f,f,h
p,f,f,h
p,f,c,k
p,f,f,h
e,t,n,k
p,f,f,h
p,f,f,h
p,f,f,h
p,f,f,h
p,f,f,h
e,t,n,k
p,f,f,h
e,t,n,n
p,f,f,h
p,f,f,h
p,f,f,h
p,f,c,k
p,f,f,h
e,t,n,k
p,f,c,k
p,f,f,h
p,f,f,h
p,f,c,n
p,f,f,h
p,f,f,h
e,t,n,k
p,f,f,h
p,f,f,h
p,f,c,n
p,f,c,k
e,t,n,n
p,f,f,h
e,t,n,n
e,t,n,k
p,f,f,h
p,f,f,h
p,f,f,h
p,f,f,h
p,f,f,h
e,t,n,n
p,f,f,h
p,f,f,h
p,f,f,h
p,f,f,h
e,t,n,n
e,t,n,n
p,f,f,h
e,t,n,n
p,f,f,h
p,f,f,h
p,f,f,h
p,f,f,h
p,f,f,h
p,f,f,h
p,f,f,h
p,f,f,h
p,f,f,h
e,t,n,n
p,f,f,h
e,t,n,n
p,f,f,h
p,f,f,h
e,t,n,n
e,t,n,k
p,f,f,h
e,t,n,k
e,t,n,n
p,f,f,h
p,f,c,k
p,f,f,h
p,f,f,h
p,f,f,h
e,t,n,n
e,t,n,n
p,t,n,r
e,t,n,k
p,f,f,h
e,t,n,k
p,f,f,h
p,f,f,h
p,f,f,h
e,t,n,n
p,f,f,h
p,f,f,h
p,f,f,h
p,f,f,h
p,f,f,h
p,f,f,h
p,f,f,h
e,t,n,k
p,f,f,h
p,f,f,h
e,t,n,k
p,f,f,h
p,f,f,h
e,t,n,k
p,f,f,h
e,t,n,k
p,f,f,h
p,f,f,h
p,f,f,h
p,f,c,k
e,t,n,k
p,f,f,h
p,f,f,h
p,f,f,h
e,t,n,k
p,f,f,h
p,f,f,h
e,t,n,n
e,t,n,k
p,t,f,h
p,f,f,h
p,f,f,h
p,f,f,h
p,f,f,h
p,f,f,h
p,f,f,h
e,t,n,n
p,f,f,h
p,f,f,h
p,f,f,h
e,t,n,n
e,t,n,n
e,t,n,n
p,f,f,h
p,f,f,h
e,t,n,k
p,f,f,h
e,t,n,n
p,f,f,h
p,f,f,h
p,f,f,h
e,f,n,w
p,f,f,h
p,f,f,h
p,f,f,h
p,f,f,h
p,t,f,h
p,f,f,h
p,f,f,h
p,f,f,h
p,f,f,h
p,f,f,h
e,t,n,k
p,f,f,h
p,f,f,h
e,t,n,k
p,f,f,h
p,f,f,h
p,f,f,h
e,t,n,k
p,f,f,h
p,f,f,h
e,t,n,n
e,t,n,n
p,f,f,h
p,f,f,h
p,f,f,h
p,f,f,h
p,f,f,h
p,f,f,h
p,t,f,h
e,t,n,n
e,t,n,n
p,f,c,k
p,f,c,n
p,f,f,h
p,f,f,h
p,t,f,h
p,f,f,h
p,f,f,h
p,f,f,h
p,f,f,h
p,f,f,h
p,f,f,h
p,f,f,h
p,f,f,h
p,f,f,h
p,f,f,h
p,f,f,h
p,f,f,h
p,t,f,h
p,f,f,h
p,f,f,h
p,f,f,h
p,f,f,h
p,f,f,h
p,f,f,h
p,f,f,h
e,t,n,n
p,f,f,h
p,f,f,h
p,f,f,h
p,f,f,h
p,f,f,h
p,f,f,h
p,f,f,h
p,t,f,h
p,f,f,h
p,f,f,h
p,f,f,h
p,f,f,h
p,f,f,h
p,f,f,h
p,f,f,h
p,f,f,h
p,f,f,h
p,f,f,h
p,f,f,h
p,f,f,h
p,t,f,h
p,f,f,h
p,t,f,h
p,f,f,h
p,f,f,h
p,f,f,h
p,f,f,h
p,f,f,h
e,t,n,n
p,f,f,h
p,f,f,h
p,f,f,h
p,f,f,h
p,f,f,h
p,f,f,h
p,f,f,h
p,f,f,h
p,f,c,k
p,f,f,h
p,f,f,h
p,f,f,h
p,f,f,h
p,f,f,h
p,f,f,h
p,f,f,h
p,f,f,h
p,f,f,h
p,f,f,h
p,f,f,h
p,f,f,h
p,f,f,h
e,f,n,w
p,f,f,h
p,f,f,h
p,f,f,h
p,f,f,h
p,f,f,h
p,f,f,h
p,f,f,h
p,f,f,h
p,f,f,h
p,f,f,h
p,f,f,h
p,f,f,h
p,f,f,h
p,f,f,h
p,f,f,h
p,f,f,h
p,f,f,h
p,f,f,h
p,f,f,h
p,f,f,h
p,f,f,h
p,f,f,h
p,f,f,h
p,f,f,h
p,f,f,h
p,f,f,h
e,t,n,n
p,f,f,h
p,f,f,h
p,f,f,h
p,f,f,h
p,f,f,h
p,f,f,h
p,f,f,h
p,f,f,h
p,f,f,h
p,f,f,h
p,f,f,h
p,f,f,h
p,f,f,h
p,f,f,h
p,f,f,h
p,f,f,h
p,f,f,h
p,f,f,h
p,f,f,h
p,f,f,h
p,f,f,h
p,f,f,h
p,f,f,h
p,f,f,h
p,f,f,h
p,f,f,h
p,f,f,h
p,f,f,h
p,f,f,h
p,f,f,h
p,f,f,h
p,f,f,h
e,t,n,k
p,f,f,h
p,f,f,h
p,f,f,h
p,f,f,h
p,f,f,h
p,f,f,h
p,f,f,h
p,t,f,h
p,f,f,h
p,f,f,h
p,f,f,h
p,f,f,h
p,f,f,h
p,f,f,h
p,f,f,h
p,f,f,h
p,f,f,h
p,f,f,h
p,f,f,h
p,f,f,h
p,f,f,h
p,t,n,w
p,t,f,h
p,f,f,h
p,f,f,h
p,f,f,h
p,f,f,h
p,f,f,h
p,f,f,h
p,f,f,h
p,f,f,h
p,t,f,h
e,t,n,n
p,f,f,h
p,f,f,h
e,t,n,k
p,f,f,h
p,f,f,h
p,f,f,h
p,f,f,h
p,f,f,h
p,f,f,h
p,f,f,h
p,f,f,h
p,f,f,h
p,f,f,h
p,f,f,h
p,f,f,h
p,f,f,h
p,f,f,h
p,f,f,h
p,f,f,h
p,f,f,h
p,f,f,h
p,f,f,h
p,f,f,h
p,f,f,h
p,f,f,h
p,f,f,h
p,f,f,h
p,f,f,h
p,f,f,h
p,f,f,h
p,f,f,h
e,t,n,n
p,t,f,h
p,f,f,h
p,f,f,h
p,f,f,h
p,f,f,h
p,f,f,h
e,t,n,k
p,f,f,h
p,f,f,h
p,f,f,h
p,f,f,h
p,f,f,h
e,t,n,k
p,f,f,h
p,f,f,h
p,f,f,h
p,f,f,h
p,f,f,h
p,f,f,h
p,f,f,h
p,f,f,h
p,f,f,h
p,f,f,h
p,f,f,h
p,f,f,h
p,f,c,k
p,f,f,h
p,t,f,h
p,f,f,h
p,f,f,h
p,f,f,h
e,t,n,k
p,f,f,h
p,f,f,h
p,f,f,h
p,f,f,h
p,f,f,h
p,f,f,h
e,t,n,n
p,f,f,h
p,f,f,h
p,f,f,h
p,f,f,h
p,f,f,h
p,f,f,h
p,f,f,h
p,f,f,h
p,f,f,h
p,f,f,h
p,f,f,h
p,f,f,h
p,f,f,h
p,f,f,h
p,f,f,h
p,t,f,h
p,f,f,h
p,f,f,h
p,f,f,h
p,f,f,h
p,f,f,h
p,f,f,h
p,f,f,h
p,f,f,h
p,f,f,h
p,f,f,h
e,t,n,k
p,f,f,h
p,f,f,h
p,f,f,h
p,f,f,h
p,f,f,h
p,f,f,h
p,f,f,h
p,f,f,h
p,f,f,h
p,f,f,h
e,f,n,w
p,f,f,h
p,f,f,h
p,f,f,h
p,t,f,h
p,f,c,k
p,f,f,h
p,f,f,h
p,f,f,h
p,f,f,h
p,f,f,h
p,f,f,h
p,f,f,h
p,f,f,h
p,f,f,h
p,f,f,h
p,f,f,h
p,f,f,h
p,f,f,h
p,f,f,h
p,f,f,h
p,f,f,h
p,f,f,h
p,f,f,h
p,f,f,h
p,f,f,h
p,f,f,h
p,f,f,h
p,f,f,h
p,f,f,h
p,f,f,h
p,f,f,h
p,f,f,h
p,f,f,h
p,f,f,h
p,f,f,h
p,f,f,h
p,f,f,h
p,f,f,h
p,f,f,h
p,f,f,h
p,f,f,h
p,f,f,h
p,f,f,h
p,f,f,h
p,f,f,h
p,f,f,h
p,f,f,h
p,f,f,h
p,f,f,h
p,t,f,h
p,t,n,r
p,f,f,h
p,f,f,h
p,f,f,h
p,f,f,h
p,f,f,h
p,f,f,h
e,t,n,n
p,f,f,h
p,f,f,h
p,f,f,h
p,f,f,h
p,f,f,h
p,f,f,h
p,f,f,h
p,f,f,h
p,f,f,h
p,f,f,h
p,f,f,h
p,f,f,h
e,t,n,n
p,f,f,h
p,f,f,h
p,f,f,h
p,f,f,h
p,f,f,h
p,f,f,h
p,f,f,h
p,f,f,h
p,f,f,h
p,f,f,h
p,f,f,h
p,f,f,h
p,f,c,n
p,f,f,h
p,f,f,h
p,f,f,h
p,f,f,h
p,f,f,h
p,f,f,h
p,f,f,h
p,f,f,h
p,f,f,h
p,f,f,h
p,f,f,h
p,f,f,h
p,f,f,h
p,f,f,h
p,f,f,h
p,f,f,h
p,f,f,h
p,f,f,h
p,f,f,h
p,f,f,h
p,f,f,h
p,f,f,h
p,f,f,h
p,f,f,h
p,f,f,h
p,f,f,h
p,f,f,h
p,f,f,h
p,f,f,h
p,f,f,h
p,f,f,h
p,f,f,h
p,f,f,h
p,f,f,h
p,f,f,h
p,f,f,h
p,f,f,h
p,f,f,h
p,f,f,h
p,f,f,h
p,f,f,h
p,f,f,h
p,f,c,k
p,t,f,h
e,t,n,k
p,f,f,h
p,f,f,h
p,f,f,h
e,t,n,k
p,f,f,h
p,f,f,h
p,f,f,h
p,f,f,h
p,f,f,h
p,f,f,h
p,t,f,h
p,f,f,h
p,f,f,h
p,f,f,h
p,f,f,h
p,f,f,h
p,f,f,h
p,f,f,h
p,f,f,h
p,f,f,h
e,t,n,n
p,f,f,h
p,f,f,h
p,f,f,h
p,f,f,h
p,f,f,h
p,f,f,h
p,f,f,h
p,f,f,h
p,t,f,h
p,f,f,h
p,f,f,h
p,f,f,h
p,f,f,h
p,f,f,h
p,f,f,h
p,f,f,h
p,f,f,h
p,f,f,h
p,f,f,h
p,f,f,h
p,f,f,h
p,f,f,h
p,f,f,h
p,f,f,h
p,f,f,h
p,f,f,h
p,f,f,h
p,f,f,h
p,f,f,h
p,f,f,h
p,f,f,h
p,f,f,h
p,f,f,h
p,f,f,h
p,f,f,h
p,f,f,h
p,f,f,h
p,f,f,h
p,f,f,h
p,f,f,h
e,t,n,n
p,f,f,h
p,f,f,h
p,t,f,h
p,f,f,h
p,f,f,h
p,f,c,k
p,f,f,h
p,t,f,h
p,f,f,h
p,f,f,h
p,f,f,h
p,t,n,r
p,t,f,h
p,f,f,h
p,f,f,h
p,f,f,h
p,f,f,h
p,f,f,h
p,f,f,h
p,f,f,h
p,f,f,h
e,t,n,n
p,f,f,h
p,f,f,h
p,f,f,h
p,f,f,h
p,f,f,h
p,f,f,h
p,f,f,h
p,f,f,h
p,f,f,h
p,f,f,h
p,f,f,h
e,t,n,n
p,f,f,h
e,t,n,k
p,f,f,h
p,f,f,h
p,f,f,h
p,f,f,h
p,f,f,h
p,f,f,h
p,f,f,h
p,f,f,h
p,f,f,h
p,f,f,h
p,f,f,h
p,f,f,h
p,f,f,h
p,f,f,h
p,f,c,k
p,f,f,h
p,f,f,h
p,f,f,h
p,f,f,h
p,f,f,h
p,f,f,h
p,f,f,h
p,f,f,h
p,f,f,h
p,f,f,h
p,f,f,h
p,f,f,h
p,f,f,h
p,f,f,h
p,f,f,h
p,f,f,h
p,f,f,h
p,f,f,h
p,f,f,h
p,f,f,h
p,f,f,h
p,f,f,h
p,f,f,h
p,f,f,h
p,f,f,h
p,f,f,h
p,f,f,h
p,f,f,h
p,f,c,k
p,f,f,h
p,f,f,h
p,f,f,h
e,t,n,n
p,f,f,h
p,f,f,h
p,f,f,h
p,f,f,h
e,t,n,n
p,f,f,h
p,f,f,h
p,f,f,h
p,f,f,h
p,f,f,h
p,f,f,h
p,f,f,h
p,f,f,h
p,f,f,h
p,f,f,h
e,t,n,n
p,t,f,h
p,t,f,h
p,f,f,h
p,f,f,h
p,f,f,h
p,f,f,h
p,f,f,h
p,f,f,h
p,f,f,h
p,f,f,h
p,f,f,h
p,f,f,h
p,f,f,h
p,f,f,h
p,f,f,h
p,t,f,h
p,f,f,h
p,f,f,h
p,f,f,h
p,f,f,h
p,f,f,h
p,t,f,h
p,f,f,h
p,f,f,h
p,f,f,h
p,f,f,h
e,f,n,w
p,f,c,n
p,f,f,h
p,f,f,h
p,f,f,h
p,f,f,h
p,t,n,r
p,t,f,h
e,t,n,n
p,t,n,r
p,t,f,h
p,f,f,h
p,t,f,h
p,f,f,h
p,f,f,h
p,f,f,h
p,f,f,h
p,f,f,h
p,f,f,h
p,f,f,h
p,f,f,h
p,f,f,h
p,f,f,h
e,t,n,n
p,f,f,h
p,f,f,h
p,t,f,h
p,f,f,h
p,f,f,h
p,f,f,h
p,f,f,h
e,t,n,k
p,f,f,h
p,f,f,h
p,f,f,h
e,t,n,n
p,f,f,h
p,f,f,h
p,f,f,h
p,f,f,h
p,f,f,h
p,t,n,r
p,f,f,h
p,f,f,h
p,f,f,h
p,f,f,h
p,t,f,h
p,f,f,h
p,f,f,h
p,f,f,h
p,t,f,h
p,f,c,k
p,f,f,h
p,f,f,h
p,f,f,h
p,f,f,h
p,f,f,h
p,f,f,h
p,f,f,h
p,f,f,h
p,f,f,h
p,f,f,h
p,f,f,h
p,f,f,h
p,f,f,h
p,f,f,h
p,t,f,h
p,f,f,h
p,f,f,h
p,f,f,h
p,t,f,h
p,f,f,h
p,f,f,h
p,f,c,k
p,f,f,h
e,t,n,n
p,f,f,h
p,f,f,h
p,f,f,h
p,f,f,h
p,f,f,h
e,f,n,w
p,f,f,h
p,f,f,h
p,t,f,h
p,f,f,h
p,f,f,h
p,f,f,h
p,f,f,h
p,f,f,h
p,f,f,h
p,f,f,h
p,f,f,h
p,f,f,h
p,f,f,h
p,f,f,h
p,t,f,h
p,t,f,h
p,f,f,h
p,f,f,h
p,f,f,h
p,f,f,h
p,f,f,h
p,t,f,h
p,f,f,h
p,f,f,h
p,f,f,h
p,f,f,h
p,t,f,h
p,t,n,r
p,f,f,h
p,f,f,h
p,f,f,h
p,f,f,h
p,f,f,h
p,f,f,h
p,f,f,h
p,f,f,h
p,f,f,h
p,f,f,h
p,f,f,h
p,f,f,h
p,f,f,h
p,f,f,h
p,f,f,h
p,f,f,h
p,f,f,h
p,f,f,h
p,f,f,h
p,f,f,h
p,f,f,h
p,f,f,h
p,f,f,h
p,f,f,h
p,f,f,h
p,f,f,h
p,f,f,h
p,f,f,h
p,t,n,r
p,f,f,h
p,f,f,h
p,f,f,h
p,f,f,h
p,f,f,h
p,f,f,h
p,f,f,h
p,f,f,h
p,f,f,h
p,f,f,h
p,f,f,h
p,f,f,h
p,f,f,h
p,f,f,h
p,t,f,h
p,f,c,n
p,f,f,h
p,f,f,h
p,f,f,h
p,f,f,h
p,f,f,h
p,t,f,h
p,f,f,h
p,f,f,h
p,f,f,h
p,f,f,h
p,f,f,h
p,f,f,h
p,f,f,h
p,f,f,h
p,f,f,h
p,f,f,h
p,f,f,h
p,f,f,h
p,f,f,h
p,f,f,h
p,t,f,h
p,f,f,h
p,f,f,h
p,f,f,h
p,f,f,h
p,f,f,h
p,f,f,h
p,f,f,h
p,f,f,h
p,f,f,h
p,f,f,h
p,t,f,h
p,f,f,h
p,t,f,h
p,f,f,h
p,f,f,h
p,t,f,h
p,t,f,h
p,t,f,h
p,f,f,h
p,f,f,h
p,f,f,h
p,f,f,h
p,f,f,h
p,f,f,h
p,f,f,h
p,f,f,h
p,f,f,h
p,f,f,h
e,t,n,n
p,f,f,h
p,f,f,h
p,f,f,h
p,f,f,h
p,f,f,h
p,f,f,h
e,f,n,w
p,f,f,h
p,f,f,h
p,f,f,h
p,f,f,h
p,f,f,h
p,f,f,h
p,f,f,h
p,f,f,h
p,f,f,h
p,t,n,r
p,f,f,h
p,f,f,h
p,f,f,h
p,t,f,h
p,t,n,w
p,t,f,h
e,f,n,w
p,f,f,h
p,f,f,h
p,f,f,h
p,t,f,h
p,t,f,h
e,f,n,w
p,t,f,h
p,t,f,h
p,t,f,h
p,t,f,h
e,f,n,w
p,f,f,h
p,t,f,h
p,t,f,h
p,t,n,w
p,t,f,h
p,t,n,w
p,t,f,h
p,t,f,h
p,t,f,h
p,t,n,r
p,f,f,h
p,f,f,h
p,t,n,r
p,f,f,h
p,f,f,h
e,f,n,w
p,f,f,h
p,t,n,r
p,t,f,h
p,t,f,h
p,f,f,h
p,t,f,h
p,t,f,h
p,t,f,h
p,t,f,h
p,f,f,h
p,f,f,h
p,t,f,h
p,t,f,h
p,f,f,h
p,f,f,h
p,t,n,r
e,f,n,w
p,t,f,h
p,t,f,h
p,f,f,h
p,t,f,h
p,t,f,h
e,f,n,w
p,f,f,h
p,f,f,h
p,t,n,r
p,t,f,h
p,f,f,h
p,t,f,h
p,f,f,h
p,f,f,h
p,f,f,h
p,t,f,h
p,f,f,h
p,f,f,h
p,f,f,h
p,t,f,h
p,f,f,h
p,t,f,h
p,t,f,h
p,t,n,r
p,t,f,h
p,f,f,h
p,t,f,h
p,t,f,h
p,t,f,h
e,f,n,w
p,f,f,h
p,f,f,h
p,f,f,h
p,t,f,h
p,t,n,w
e,f,n,w
p,t,f,h
p,f,f,h
p,f,f,h
p,f,f,h
p,f,f,h
p,t,n,r
p,f,f,h
p,t,f,h
p,t,f,h
p,f,f,h
p,t,f,h
p,t,n,r
p,t,f,h
p,t,f,h
p,t,f,h
p,f,f,h
p,t,f,h
p,t,f,h
p,f,f,h
p,t,f,h
e,f,n,w
p,t,f,h
p,t,f,h
p,t,n,r
p,f,f,h
p,t,n,w
p,t,f,h
p,t,f,h
p,f,f,h
p,t,f,h
p,t,f,h
p,f,f,h
p,f,f,h
p,t,f,h
p,t,f,h
e,f,n,w
p,t,f,h
p,f,f,h
p,f,f,h
p,t,f,h
p,t,f,h
p,f,f,h
p,t,n,r
e,f,n,w
p,f,f,h
p,t,f,h
p,t,f,h
p,t,f,h
p,f,f,h
p,t,f,h
p,f,f,h
p,t,f,h
p,t,f,h
p,t,f,h
e,f,n,w
p,t,f,h
p,t,n,r
p,f,f,h
p,t,n,r
p,f,f,h
e,f,n,w
e,f,n,w
p,t,f,h
p,t,f,h
p,t,f,h
p,t,f,h
p,f,f,h
p,t,f,h
p,f,f,h
p,t,f,h
p,t,f,h
p,f,f,h
p,f,f,h
p,f,f,h
p,t,f,h
p,f,f,h
p,f,f,h
p,t,f,h
p,t,n,r
p,f,f,h
p,t,f,h
p,t,f,h
p,t,f,h
p,t,n,r
p,t,f,h
p,f,f,h
p,t,f,h
p,t,f,h
e,f,n,w
e,f,n,w
p,t,f,h
p,t,f,h
p,t,f,h
p,t,f,h
p,f,f,h
p,f,f,h
p,f,f,h
p,f,f,h
e,f,n,w
p,t,f,h
p,t,n,r
p,f,f,h
p,t,f,h
p,f,f,h
p,t,f,h
p,t,f,h
p,f,f,h
p,f,f,h
p,t,f,h
p,f,f,h
p,f,f,h
p,t,n,r
p,t,f,h
p,t,f,h
p,t,f,h
p,f,f,h
p,t,f,h
p,t,f,h
p,f,f,h
p,t,f,h
e,f,n,w
p,t,f,h
p,f,f,h
p,f,f,h
p,t,n,r
p,f,f,h
p,t,f,h
p,t,f,h
p,t,f,h
p,t,f,h
p,t,f,h
p,t,f,h
p,f,f,h
p,f,f,h
p,f,f,h
p,f,f,h
p,t,f,h
p,t,f,h
p,t,f,h
p,f,f,h
p,t,f,h
p,t,f,h
p,t,n,r
p,t,f,h
p,t,f,h
p,t,f,h
p,t,n,r
p,f,f,h
p,f,f,h
p,f,f,h
p,t,n,r
p,t,f,h
p,t,f,h
p,t,f,h
p,f,f,h
p,f,f,h
p,f,f,h
p,f,f,h
p,t,f,h
p,f,f,h
p,t,n,r
p,t,n,r
p,f,f,h
p,f,f,h
p,t,f,h
p,t,f,h
p,t,f,h
p,t,f,h
p,f,f,h
p,t,n,w
p,t,f,h
p,t,f,h
p,t,f,h
p,f,f,h
p,f,f,h
p,t,f,h
e,f,n,w
p,t,f,h
p,f,f,h
p,t,n,r
p,f,f,h
p,t,f,h
p,f,f,h
p,t,f,h
p,f,f,h
p,f,f,h
p,f,f,h
p,t,f,h
e,f,n,w
e,f,n,w
p,t,n,r
p,t,f,h
p,t,f,h
p,t,f,h
p,t,f,h
p,f,f,h
p,t,f,h
p,f,f,h
p,t,n,r
p,f,f,h
p,t,f,h
p,t,n,r
p,f,f,h
p,t,f,h
p,t,f,h
p,t,n,r
e,f,n,w
p,t,f,h
e,f,n,w
p,t,f,h
p,t,n,r
p,t,f,h
p,f,f,h
p,t,n,r
p,t,f,h
e,f,n,w
e,f,n,w
p,t,n,r
p,f,f,h
e,f,n,w
p,t,f,h
p,t,n,r
p,f,f,h
p,f,f,h
p,f,f,h
p,t,n,r
p,t,f,h
e,f,n,w
p,t,f,h
p,f,f,h
p,t,f,h
p,f,f,h
p,t,f,h
e,f,n,w
p,f,f,h
p,f,f,h
p,t,n,r
p,f,f,h
p,f,f,h
p,t,n,r
p,f,f,h
p,f,f,h
p,f,f,h
p,t,f,h
p,t,f,h
p,f,f,h
p,f,f,h
p,f,f,h
p,f,f,h
p,t,f,h
p,f,f,h
p,t,f,h
p,t,f,h
p,t,f,h
p,f,f,h
p,t,f,h
e,f,n,w
p,f,f,h
e,f,n,w
p,f,f,h
p,t,f,h
p,f,f,h
p,f,f,h
p,f,f,h
p,t,f,h
p,t,f,h
p,t,f,h
p,t,f,h
p,f,f,h
e,f,n,w
p,t,f,h
p,f,f,h
p,f,f,h
p,f,f,h
p,f,f,h
p,f,f,h
p,f,f,h
e,f,n,w
p,t,n,r
p,t,f,h
p,t,f,h
p,f,f,h
p,t,f,h
p,t,f,h
p,t,f,h
p,t,f,h
p,t,n,w
p,t,f,h
p,t,f,h
p,t,f,h
p,t,n,r
e,f,n,w
p,t,f,h
p,t,f,h
p,f,f,h
p,t,f,h
p,t,n,r
p,t,f,h
p,t,f,h
p,t,f,h
p,t,n,r
p,f,f,h
p,t,f,h
e,f,n,w
p,t,f,h
p,t,f,h
p,t,n,r
p,t,n,r
p,t,f,h
p,f,f,h
p,t,f,h
p,t,n,r
p,t,f,h
p,t,f,h
p,t,f,h
p,t,f,h
p,t,f,h
p,t,n,r
p,t,f,h
e,f,n,w
p,t,f,h
p,t,n,r
p,f,f,h
p,t,f,h
p,f,f,h
p,t,n,r
p,t,n,r
p,t,f,h
p,f,f,h
p,t,n,r
e,f,n,w
p,f,f,h
p,f,f,h
p,f,f,h
p,t,f,h
p,t,f,h
p,f,f,h
e,f,n,w
p,t,f,h
p,t,f,h
p,t,f,h
p,f,f,h
p,t,f,h
p,t,f,h
p,f,f,h
e,f,n,w
p,t,f,h
p,f,f,h
p,t,f,h
p,f,f,h
p,f,f,h
p,t,f,h
p,f,f,h
p,t,f,h
p,f,f,h
p,t,n,r
p,t,f,h
p,t,n,r
p,f,f,h
p,t,f,h
p,f,f,h
p,f,f,h
p,f,f,h
p,t,f,h
p,t,f,h
p,t,f,h
p,f,f,h
p,t,n,r
p,t,n,r
p,f,f,h
p,f,f,h
p,t,n,r
p,t,f,h
p,t,n,r
p,f,f,h
p,t,f,h
p,f,f,h
p,t,f,h
p,t,f,h
p,t,f,h
p,f,f,h
p,t,n,r
p,f,f,h
p,t,f,h
p,t,f,h
p,t,f,h
p,f,f,h
p,t,f,h
p,t,f,h
p,t,f,h
p,f,f,h
p,t,n,r
p,f,f,h
e,f,n,w
p,f,f,h
p,t,f,h
p,t,f,h
p,f,f,h
p,t,f,h
p,f,f,h
p,t,f,h
p,f,f,h
p,t,f,h
p,t,f,h
p,f,f,h
p,t,f,h
p,t,f,h
p,f,f,h
p,f,f,h
p,f,f,h
p,f,f,h
p,t,n,r
p,t,n,r
p,t,f,h
p,t,f,h
p,t,n,r
p,t,f,h
p,t,f,h
p,f,f,h
p,t,n,r
p,t,f,h
p,t,n,r
e,f,n,w
p,f,f,h
p,t,f,h
p,f,f,h
p,f,f,h
p,f,f,h
p,f,f,h
p,t,f,h
e,f,n,w
p,t,n,r
p,f,f,h
p,f,f,h
p,f,f,h
p,t,f,h
p,t,n,r
p,t,f,h
p,t,f,h
p,t,f,h
e,f,n,w
p,f,f,h
p,t,f,h
p,t,n,r
p,f,f,h
p,t,f,h
p,f,f,h
p,t,f,h
p,t,f,h
p,f,f,h
p,t,n,r
p,f,f,h
p,t,f,h
p,f,f,h
e,t,n,w
e,t,n,w
e,t,n,w
e,t,n,w
e,f,n,w
e,f,n,w
e,f,n,w
e,t,n,w
e,t,n,w
e,t,n,w
e,t,n,w
e,t,n,w
e,f,n,w
e,f,n,w
e,t,n,w
e,t,n,w
e,t,n,w
e,t,n,w
e,t,n,w
e,t,n,w
e,t,n,w
e,t,n,w
e,f,n,w
e,t,n,w
e,f,n,w
e,t,n,w
e,f,n,w
e,t,n,w
e,t,n,w
e,t,n,w
e,f,n,w
e,t,n,w
e,t,n,w
e,f,n,w
e,t,n,w
e,f,n,w
e,f,n,w
e,t,n,w
e,t,n,w
e,f,n,w
e,t,n,w
e,t,n,w
e,t,n,w
e,t,n,w
e,f,n,w
e,f,n,w
e,f,n,w
e,t,n,w
e,t,a,n
e,t,l,n
e,t,a,k
e,t,a,k
e,t,l,n
e,t,a,k
e,t,l,n
e,t,a,k
e,t,a,n
e,t,a,n
e,t,l,n
e,t,a,n
e,t,l,k
e,t,a,n
e,t,l,n
e,t,l,n
e,t,l,n
e,t,l,n
e,t,l,k
e,t,a,n
e,t,a,k
e,t,a,n
e,t,l,k
e,t,l,n
e,t,l,k
e,t,l,n
e,t,a,k
e,t,a,n
e,t,l,k
e,t,a,n
e,t,l,n
e,t,l,n
e,t,l,n
e,t,l,k
e,t,a,k
e,t,l,n
e,t,a,k
e,t,a,k
e,t,l,n
e,t,l,k
e,t,a,k
e,t,l,k
e,t,a,n
e,t,a,k
e,t,a,n
e,t,a,k
e,t,l,k
e,t,l,n
e,t,a,k
e,t,l,k
e,t,a,n
e,t,a,k
e,t,l,k
e,t,a,k
e,t,a,n
e,t,l,n
e,t,a,n
e,t,l,k
e,t,l,n
e,t,l,n
e,t,l,n
e,t,l,k
e,t,a,n
e,t,l,n
e,t,l,k
e,t,a,k
e,t,l,n
e,t,l,k
e,t,a,k
e,t,a,n
e,t,l,n
e,t,a,n
e,t,a,n
e,t,a,k
e,t,a,k
e,t,l,k
e,t,a,k
e,t,a,n
e,t,a,n
e,t,a,k
e,t,a,k
e,t,l,n
e,t,a,k
e,t,l,k
e,t,a,k
e,t,a,n
e,t,l,n
e,t,l,n
e,t,a,n
e,t,l,n
e,t,l,n
e,t,l,n
e,t,a,n
e,t,a,k
e,t,l,n
e,t,l,n
e,t,l,n
e,t,l,k
e,t,a,k
e,t,a,n
e,t,a,k
e,t,l,n
e,t,a,k
e,t,a,k
e,t,l,k
e,t,l,k
e,t,a,k
e,t,a,k
e,t,l,n
e,t,a,n
e,t,l,k
e,t,l,k
e,t,a,n
e,t,a,n
e,t,a,n
e,t,l,n
e,t,l,k
e,t,l,n
e,t,l,k
e,t,a,n
e,t,l,n
e,t,a,k
e,t,l,n
e,t,l,n
e,t,l,n
e,t,a,k
e,t,l,k
e,t,a,n
e,t,a,n
e,t,a,n
e,t,a,n
e,t,a,n
e,t,l,k
e,t,l,n
e,t,a,n
e,t,a,n
e,t,l,n
e,t,a,n
e,t,l,k
e,t,l,k
e,t,a,k
e,t,a,k
e,t,l,k
e,t,l,k
e,t,l,n
e,t,a,k
e,t,a,n
e,t,a,k
e,t,a,k
e,t,a,k
e,t,l,k
e,t,l,n
e,t,l,n
e,t,l,k
e,t,l,k
e,t,a,n
e,t,a,k
e,t,l,n
e,t,a,k
e,t,a,k
e,t,l,k
e,t,a,n
e,t,l,k
e,t,a,k
e,t,l,k
e,t,l,n
e,t,a,k
e,t,l,n
e,t,l,n
e,t,a,n
e,t,a,k
e,t,a,k
e,t,l,n
e,t,a,n
e,t,a,n
e,t,a,k
e,t,a,n
e,t,a,k
e,t,a,n
e,t,a,k
e,t,a,k
e,t,l,k
e,t,l,n
e,t,l,n
e,t,a,n
e,t,a,k
e,t,a,n
e,t,l,k
e,t,a,n
e,t,a,n
e,t,l,k
e,t,a,n
e,t,l,n
e,t,l,n
e,t,l,n
e,t,a,k
e,t,l,n
e,t,l,n
e,t,l,k
e,t,l,n
e,t,a,n
e,t,a,k
e,t,a,n
e,t,a,n
e,t,l,k
e,t,l,k
e,t,a,n
e,t,l,n
e,t,a,n
e,t,a,n
e,t,l,n
e,t,l,k
e,t,a,k
e,t,l,n
e,t,l,n
e,t,l,k
e,t,l,k
e,t,l,k
e,t,l,k
e,t,l,n
e,t,l,k
e,t,l,n
e,t,l,k
e,t,l,k
e,t,l,n
e,t,a,n
e,t,l,k
e,t,a,n
e,t,a,k
e,t,a,n
e,t,a,k
e,t,l,k
e,t,l,k
e,t,l,k
e,t,a,k
e,t,a,n
e,t,l,k
e,t,a,k
e,t,l,k
e,t,l,n
e,t,a,n
e,t,a,n
e,t,l,k
e,t,a,n
e,t,a,k
e,t,l,k
e,t,a,k
e,t,a,n
e,t,a,k
e,t,a,k
e,t,l,k
e,t,a,n
e,t,l,k
e,t,l,k
e,t,l,n
e,t,a,n
e,t,a,k
e,t,a,k
e,t,l,n
e,t,a,k
e,t,a,k
e,t,l,n
e,t,a,n
e,t,l,k
e,t,l,k
e,t,a,n
e,t,a,n
e,t,a,n
e,t,a,n
e,t,a,k
e,t,a,k
e,t,a,k
e,t,l,k
e,t,l,n
e,t,l,n
e,t,a,n
e,t,a,n
e,t,l,k
e,t,a,n
e,t,a,k
e,t,l,k
e,t,a,k
e,t,l,k
e,t,l,k
e,t,l,k
e,t,a,k
e,t,l,k
e,t,l,k
e,t,l,k
e,t,a,n
e,t,l,n
e,t,l,k
e,t,a,n
e,t,a,k
e,t,a,k
e,t,a,n
e,t,l,k
e,t,a,k
e,t,l,k
e,t,a,k
e,t,l,k
e,t,a,k
e,t,a,k
e,t,l,n
e,t,l,n
e,t,a,k
e,t,a,k
e,t,l,k
e,t,l,n
e,t,a,n
e,t,a,n
e,t,a,k
e,t,a,k
e,t,a,n
e,t,a,k
e,t,a,k
e,t,a,n
e,t,l,k
e,t,a,k
e,t,a,k
e,t,l,k
e,t,a,n
e,t,a,n
e,t,l,k
e,t,l,k
e,t,a,n
e,t,a,k
e,t,l,n
e,t,l,n
e,t,l,k
e,t,a,n
e,t,l,n
e,t,a,k
e,t,l,n
e,t,a,n
e,t,l,k
e,t,l,k
e,t,a,n
e,t,l,k
e,t,a,k
e,t,a,n
e,t,l,n
e,t,l,n
e,t,a,k
e,t,l,n
e,t,l,k
e,t,a,n
e,t,a,k
e,t,a,n
e,t,l,n
e,t,l,n
e,t,a,n
e,t,a,k
e,t,a,n
e,t,l,n
e,t,a,k
e,t,l,n
e,t,l,n
e,t,a,k
e,t,l,k
e,t,l,k
e,t,a,k
e,t,l,n
e,t,l,n
e,t,a,k
e,t,a,n
e,t,l,k
e,t,a,k
e,t,a,n
e,t,l,k
e,t,a,n
e,t,a,k
e,t,l,n
e,t,a,k
e,t,a,k
e,t,a,k
e,t,l,n
e,t,l,n
e,t,a,k
e,t,l,n
e,t,l,k
e,t,l,n
e,t,l,n
e,t,a,k
e,t,a,k
e,t,a,n
e,t,a,k
e,t,a,n
e,t,l,n
e,t,l,n
e,t,l,n
e,t,a,n
e,t,a,k
e,t,a,n
e,t,a,n
e,t,a,n
e,t,l,k
e,t,l,n
e,t,l,n
e,t,a,n
e,t,a,n
e,t,a,n
e,t,l,k
e,t,l,n
e,t,a,k
e,t,l,k
e,t,a,n
e,t,l,n
e,t,a,k
e,t,a,n
e,t,l,n
e,t,a,k
e,t,l,k
e,t,l,k
e,t,l,k
e,t,l,n
e,t,l,k
e,t,l,k
e,t,a,n
e,t,l,n
e,t,l,k
e,t,a,n
e,t,l,n
e,t,a,k
e,t,a,n
e,t,l,k
e,t,l,k
e,t,l,k
e,t,l,n
e,t,l,k
e,t,l,n
e,t,l,k
e,t,l,n
e,t,l,k
e,t,l,n
e,t,l,n
e,t,l,n
e,t,a,n
e,t,a,k
e,t,a,k
e,t,a,n
e,t,l,k
e,t,a,k
e,t,a,n
e,t,l,k
e,t,l,k
e,t,a,k
e,t,a,n
e,t,l,k
e,t,l,k
e,t,l,n
e,t,l,k
e,t,l,k
e,t,l,n
e,t,a,n
e,t,a,k
e,t,l,n
e,t,a,n
e,t,a,n
e,t,a,n
e,t,a,n
e,t,l,k
e,t,a,k
e,t,a,k
e,t,l,n
e,t,l,n
e,t,a,k
e,t,a,n
e,t,l,n
e,t,l,k
e,t,l,n
e,t,a,n
e,t,a,k
e,t,a,k
e,t,l,k
e,t,l,k
e,t,l,k
e,t,a,n
e,t,l,k
e,t,l,n
e,t,l,k
e,t,a,k
e,t,a,k
e,t,a,k
e,t,l,n
e,t,a,k
e,t,l,k
e,t,a,k
e,t,l,n
e,t,l,k
e,t,l,n
e,t,a,k
e,t,l,k
e,t,l,n
e,t,l,n
e,t,l,n
e,t,l,k
e,t,l,k
e,t,l,n
e,t,a,n
e,t,a,n
e,t,a,n
e,t,a,n
e,t,a,n
e,t,l,n
e,t,a,n
e,t,l,k
e,t,l,k
e,t,a,k
e,t,a,k
e,t,l,k
e,t,a,n
p,f,m,w
p,f,m,w
p,f,m,w
p,f,n,w
p,f,m,w
p,f,m,w
p,f,m,w
p,f,m,w
p,f,m,w
p,f,m,w
p,f,m,w
p,f,m,w
p,f,m,w
p,f,m,w
p,f,m,w
p,f,m,w
p,f,n,w
p,f,m,w
p,f,m,w
p,f,m,w
p,f,n,w
p,f,m,w
p,f,m,w
p,f,n,w
p,f,m,w
p,f,m,w
p,f,n,w
p,f,m,w
p,f,m,w
p,f,n,w
p,f,m,w
p,f,n,w
p,f,m,w
p,f,m,w
p,f,m,w
p,f,n,w
p,f,m,w
p,f,m,w
p,f,m,w
p,f,m,w
p,f,m,w
p,f,m,w
p,f,m,w
p,f,m,w
p,t,p,k
p,t,p,k
e,f,n,n
p,t,p,k
p,t,p,n
e,f,n,k
e,f,n,n
e,f,n,n
p,t,p,k
p,t,p,n
p,t,p,n
p,t,p,n
p,t,p,n
e,f,n,k
p,t,p,n
e,f,n,k
p,t,p,n
e,f,n,k
p,t,p,n
p,t,p,n
p,t,p,k
e,f,n,n
e,f,n,n
e,f,n,k
e,f,n,n
p,t,p,n
e,f,n,n
p,t,p,k
e,f,n,n
e,f,n,n
e,f,n,k
e,f,n,n
e,f,n,n
e,f,n,n
e,f,n,k
e,f,n,k
p,t,p,n
e,f,n,n
e,f,n,n
p,t,p,k
p,t,p,k
e,f,n,n
e,f,n,k
e,f,n,n
p,t,p,n
p,t,p,n
e,f,n,n
e,f,n,k
e,f,n,n
e,f,n,n
e,f,n,k
e,f,n,n
e,f,n,n
p,t,p,n
e,f,n,n
e,f,n,k
p,t,p,k
e,f,n,k
e,f,n,k
e,f,n,n
e,f,n,k
p,t,p,n
e,f,n,n
e,f,n,n
p,t,p,k
p,t,p,k
e,f,n,k
p,t,p,k
e,f,n,k
p,t,p,k
e,f,n,k
p,t,p,n
e,f,n,n
e,f,n,n
p,t,p,k
e,f,n,k
e,f,n,k
p,t,p,k
p,t,p,k
e,f,n,k
p,t,p,n
e,f,n,n
e,f,n,n
e,f,n,k
e,f,n,k
p,t,p,k
e,f,n,k
e,f,n,n
p,t,p,n
p,t,p,k
p,t,p,n
p,t,p,k
e,f,n,n
e,f,n,n
e,f,n,k
e,f,n,n
e,f,n,n
e,f,n,n
p,t,p,k
e,f,n,n
e,f,n,k
e,f,n,k
e,f,n,k
e,f,n,k
e,f,n,n
e,f,n,k
p,t,p,k
e,f,n,n
p,t,p,n
e,f,n,k
e,f,n,n
e,f,n,n
e,f,n,k
p,t,p,n
p,t,p,n
e,f,n,k
p,t,p,k
p,t,p,k
e,f,n,n
p,t,p,n
e,f,n,k
e,f,n,n
e,f,n,k
e,f,n,k
e,f,n,k
e,f,n,k
e,f,n,n
e,f,n,k
e,f,n,n
p,t,p,n
p,t,p,n
e,f,n,n
p,t,p,n
e,f,n,n
e,f,n,n
e,f,n,n
e,f,n,n
e,f,n,n
e,f,n,n
e,f,n,n
p,t,p,n
e,f,n,k
e,f,n,k
p,t,p,k
p,t,p,k
e,f,n,k
e,f,n,k
e,f,n,k
p,t,p,n
e,f,n,k
e,f,n,n
e,f,n,n
e,f,n,n
p,t,p,k
e,f,n,k
p,t,p,k
e,f,n,k
p,t,p,n
e,f,n,n
p,t,p,n
e,f,n,k
e,f,n,k
e,f,n,k
p,t,p,k
e,f,n,k
p,t,p,n
p,t,p,k
p,t,p,n
p,t,p,k
e,f,n,n
e,f,n,n
e,f,n,n
e,f,n,k
e,f,n,n
e,f,n,n
e,f,n,k
p,t,p,n
e,f,n,k
e,f,n,n
e,f,n,k
e,f,n,k
e,f,n,n
e,f,n,k
p,t,p,k
p,t,p,k
e,f,n,n
e,f,n,n
p,t,p,k
p,t,p,n
e,f,n,n
e,f,n,k
e,f,n,k
e,f,n,n
e,f,n,k
e,f,n,n
p,t,p,n
p,t,p,k
p,t,p,n
e,f,n,n
p,t,p,k
e,f,n,n
e,f,n,k
e,f,n,n
e,f,n,k
e,f,n,n
p,t,p,n
e,f,n,n
e,f,n,n
p,t,p,n
p,t,p,k
p,t,p,k
e,f,n,k
e,f,n,k
p,t,p,n
e,f,n,n
e,f,n,n
e,f,n,k
e,f,n,n
e,f,n,k
p,t,p,n
e,f,n,k
p,t,p,k
e,f,n,k
p,t,p,n
p,t,p,n
p,t,p,n
e,f,n,k
p,t,p,n
p,t,p,n
p,t,p,k
p,t,p,n
p,t,p,k
e,f,n,k
e,f,n,k
p,t,p,n
p,t,p,n
p,t,p,n
e,f,n,k
e,f,n,n
e,f,n,n
e,f,n,n
e,f,n,k
p,t,p,k
e,f,n,n
e,f,n,n
e,f,n,n
e,f,n,n
e,f,n,k
e,f,n,n
e,f,n,k
p,t,p,k
e,f,n,n
p,t,p,n
p,t,p,n
e,f,n,k
e,f,n,k
e,f,n,k
e,f,n,n
e,f,n,k
e,f,n,k
e,f,n,n
e,f,n,n
e,f,n,n
e,f,n,k
p,t,p,k
e,f,n,n
e,f,n,k
e,f,n,n
p,t,p,n
e,f,n,k
e,f,n,k
e,f,n,k
e,f,n,k
e,f,n,k
p,t,p,n
e,f,n,n
e,f,n,n
e,f,n,k
e,f,n,k
p,t,p,n
p,t,p,n
e,f,n,n
e,f,n,n
e,f,n,n
p,t,p,k
e,f,n,k
e,f,n,k
e,f,n,k
e,f,n,k
p,t,p,k
e,f,n,k
e,f,n,k
e,f,n,n
e,f,n,k
e,f,n,k
e,f,n,k
e,f,n,k
e,f,n,n
p,t,p,k
e,f,n,n
e,f,n,k
e,f,n,n
e,f,n,k
e,f,n,k
e,f,n,n
e,f,n,k
e,f,n,k
e,f,n,k
p,t,p,k
e,f,n,n
p,t,p,k
e,f,n,n
e,f,n,n
e,f,n,n
e,f,n,n
e,f,n,k
e,f,n,k
e,f,n,k
p,t,p,n
e,f,n,n
p,t,p,k
p,t,p,n
e,f,n,n
e,f,n,k
p,t,p,k
e,f,n,n
e,f,n,n
e,f,n,n
e,f,n,k
e,f,n,k
p,t,p,k
e,f,n,k
e,f,n,n
e,f,n,n
p,t,p,n
e,f,n,k
e,f,n,n
e,f,n,k
e,f,n,n
e,f,n,n
e,f,n,n
e,f,n,n
e,f,n,n
p,t,p,k
e,f,n,n
e,f,n,n
p,t,p,n
e,f,n,k
e,f,n,n
p,t,p,n
e,f,n,n
e,f,n,k
p,t,p,n
e,f,n,k
e,f,n,n
p,t,p,k
e,f,n,k
e,f,n,n
e,f,n,n
p,t,p,k
e,f,n,k
e,f,n,k
e,f,n,k
p,t,p,n
e,f,n,n
e,f,n,n
e,f,n,n
p,t,p,n
e,f,n,n
e,f,n,k
p,t,p,k
e,f,n,n
e,f,n,n
e,f,n,k
p,t,p,k
e,f,n,k
e,f,n,k
e,f,n,n
e,f,n,n
e,f,n,k
e,f,n,n
e,f,n,k
e,f,n,k
e,f,n,n
e,f,n,k
e,f,n,k
e,f,n,n
e,f,n,k
p,t,p,n
e,f,n,k
p,t,p,k
e,f,n,n
e,f,n,k
e,f,n,n
e,f,n,n
e,f,n,n
e,f,n,n
e,f,n,k
e,f,n,n
e,f,n,n
e,f,n,k
e,f,n,n
e,f,n,k
e,f,n,k
e,f,n,k
p,t,p,n
e,f,n,k
p,t,p,k
e,f,n,k
e,f,n,k
e,f,n,n
e,f,n,k
e,f,n,k
e,f,n,k
p,t,p,k
e,f,n,k
e,f,n,k
e,f,n,n
e,f,n,k
e,f,n,k
e,f,n,k
e,f,n,n
e,f,n,n
e,f,n,n
e,f,n,n
e,f,n,k
p,t,p,k
e,f,n,n
e,f,n,k
p,t,p,k
e,f,n,k
e,f,n,k
p,t,p,n
e,f,n,n
e,f,n,k
p,t,p,k
e,f,n,k
e,f,n,n
e,f,n,k
e,f,n,k
e,f,n,k
e,f,n,k
p,t,p,n
e,f,n,n
e,f,n,k
e,f,n,n
e,f,n,n
e,f,n,n
e,f,n,n
e,f,n,k
e,f,n,k
e,f,n,k
e,f,n,k
p,t,p,n
e,f,n,n
p,t,p,n
e,f,n,k
e,f,n,n
e,f,n,k
e,f,n,k
e,f,n,k
e,f,n,n
e,f,n,n
e,f,n,k
p,t,p,k
e,f,n,n
p,t,p,k
p,t,p,n
e,f,n,n
e,f,n,k
e,f,n,n
e,f,n,k
e,f,n,k
e,f,n,n
e,f,n,n
p,t,p,n
p,t,p,n
e,f,n,n
p,t,p,n
e,f,n,k
e,f,n,n
p,t,p,k
p,t,p,k
p,t,p,k
p,t,p,k
e,f,n,k
e,f,n,n
e,f,n,k
p,t,p,k
e,f,n,n
e,f,n,k
e,f,n,n
p,t,p,n
e,f,n,n
e,f,n,k
p,t,p,k
e,f,n,n
e,f,n,n
e,f,n,k
e,f,n,n
e,f,n,n
e,f,n,k
e,f,n,n
e,f,n,k
e,f,n,k
p,t,p,k
e,f,n,k
e,f,n,k
e,f,n,n
e,f,n,k
p,t,p,n
p,t,p,k
e,f,n,n
e,f,n,k
e,f,n,n
e,f,n,n
e,f,n,k
e,f,n,n
e,f,n,n
e,f,n,n
e,f,n,n
e,f,n,n
e,f,n,n
e,f,n,n
e,f,n,n
e,f,n,n
p,t,p,n
e,f,n,n
e,f,n,n
e,f,n,n
e,f,n,k
p,t,p,n
e,f,n,k
p,t,p,n
e,f,n,n
e,f,n,k
e,f,n,n
e,f,n,n
e,f,n,k
e,f,n,k
e,f,n,k
p,t,p,k
e,f,n,n
e,f,n,k
e,f,n,n
e,f,n,k
e,f,n,k
e,f,n,n
p,t,p,k
e,f,n,n
e,f,n,k
p,t,p,n
e,f,n,k
e,f,n,n
e,f,n,n
e,f,n,n
e,f,n,k
e,f,n,k
e,f,n,k
e,f,n,k
e,f,n,n
e,f,n,k
e,f,n,n
p,t,p,k
e,f,n,k
e,f,n,n
e,f,n,n
e,f,n,n
e,f,n,k
e,f,n,n
e,f,n,n
e,f,n,k
e,f,n,k
e,f,n,k
p,t,p,k
p,t,p,k
e,f,n,k
e,f,n,k
p,t,p,k
e,f,n,k
p,t,p,n
e,f,n,n
p,t,p,n
e,f,n,k
e,f,n,k
e,f,n,k
e,f,n,n
e,f,n,n
e,f,n,n
e,f,n,k
e,f,n,k
e,f,n,k
e,f,n,n
e,f,n,k
e,f,n,n
p,t,p,n
e,f,n,k
e,f,n,n
e,f,n,n
p,t,p,n
e,f,n,k
e,f,n,k
e,f,n,k
e,f,n,n
e,f,n,k
e,f,n,k
e,f,n,n
e,f,n,n
e,f,n,n
e,f,n,k
e,f,n,k
e,f,n,n
e,f,n,k
p,t,p,n
e,f,n,k
e,f,n,n
e,f,n,k
e,f,n,n
e,f,n,n
e,f,n,k
p,t,p,k
e,f,n,n
p,t,p,k
p,t,p,k
p,t,p,n
p,t,p,k
e,f,n,k
e,f,n,n
e,f,n,k
e,f,n,k
e,f,n,n
p,t,p,n
p,t,p,k
e,f,n,k
e,f,n,n
e,f,n,n
e,f,n,k
p,t,p,n
e,f,n,n
p,t,p,n
e,f,n,k
e,f,n,k
e,f,n,n
e,f,n,n
p,t,p,n
e,f,n,k
e,f,n,k
e,f,n,n
e,f,n,k
e,f,n,k
e,f,n,k
p,t,p,k
e,f,n,n
e,f,n,n
e,f,n,n
e,f,n,k
e,f,n,n
p,t,p,k
e,f,n,n
e,f,n,n
e,f,n,k
e,f,n,k
e,f,n,k
p,t,p,k
e,f,n,k
e,f,n,k
e,f,n,n
p,t,p,n
e,f,n,k
p,t,p,n
e,f,n,k
e,f,n,k
e,f,n,k
e,f,n,k
e,f,n,n
e,f,n,n
e,f,n,k
e,f,n,k
e,f,n,n
e,f,n,n
e,f,n,k
e,f,n,n
p,t,p,k
e,f,n,n
e,f,n,n
e,f,n,k
e,f,n,k
e,f,n,n
e,f,n,n
e,f,n,n
e,f,n,k
e,f,n,k
e,f,n,n
e,f,n,n
e,f,n,n
e,f,n,n
e,f,n,k
e,f,n,k
p,t,p,k
e,f,n,n
p,t,p,n
e,f,n,k
e,f,n,n
p,t,p,n
e,f,n,k
p,t,p,n
e,f,n,n
e,f,n,k
p,t,p,n
e,f,n,k
e,f,n,k
e,f,n,n
e,f,n,k
p,t,p,k
e,f,n,k
e,f,n,n
e,f,n,k
e,f,n,k
e,f,n,k
e,f,n,n
p,t,p,n
e,f,n,n
e,f,n,n
e,f,n,k
e,f,n,n
e,f,n,k
e,f,n,k
p,t,p,k
e,f,n,n
p,t,p,k
e,f,n,n
e,f,n,k
e,f,n,k
e,f,n,n
e,f,n,n
e,f,n,k
e,f,n,k
p,t,p,k
e,f,n,k
p,t,p,k
e,f,n,k
e,f,n,k
p,t,p,n
e,f,n,k
p,t,p,n
e,f,n,n
e,f,n,k
e,f,n,n
e,f,n,n
e,f,n,k
e,f,n,n
e,f,n,k
e,f,n,n
e,f,n,k
e,f,n,k
e,f,n,k
e,f,n,n
e,f,n,n
e,f,n,k
e,f,n,k
e,f,n,k
e,f,n,n
e,f,n,n
e,f,n,k
e,f,n,n
e,f,n,k
p,t,p,k
p,t,p,n
e,f,n,n
e,f,n,n
e,f,n,n
e,f,n,n
e,f,n,k
e,f,n,k
e,f,n,n
e,f,n,k
p,t,p,n
e,f,n,n
p,t,p,n
p,t,p,k
p,t,p,k
e,f,n,n
e,f,n,n
e,f,n,k
e,f,n,k
e,f,n,k
p,t,p,n
p,t,p,k
e,f,n,n
e,f,n,k
e,f,n,n
e,f,n,k
e,f,n,n
e,f,n,k
e,f,n,n
e,f,n,n
e,f,n,n
e,f,n,n
e,f,n,n
e,f,n,k
e,f,n,n
e,f,n,k
e,f,n,n
e,f,n,k
e,f,n,n
e,f,n,k
e,f,n,n
e,f,n,k
e,f,n,k
e,f,n,k
p,t,p,k
e,f,n,n
p,t,p,k
p,t,p,k
e,f,n,n
e,f,n,k
e,f,n,k
e,f,n,k
e,f,n,n
e,f,n,k
e,f,n,k
e,f,n,k
p,t,p,k
e,f,n,k
e,f,n,k
e,f,n,n
e,f,n,n
e,f,n,n
e,f,n,k
e,f,n,n
e,f,n,n
e,f,n,k
e,f,n,n
e,f,n,n
e,f,n,n
e,f,n,n
e,f,n,k
p,t,p,k
e,f,n,k
e,f,n,k
p,t,p,n
e,f,n,k
e,f,n,k
e,f,n,k
e,f,n,n
e,f,n,n
e,f,n,n
e,f,n,k
e,f,n,k
e,f,n,k
e,f,n,n
e,f,n,n
p,t,p,k
e,f,n,k
e,f,n,k
e,f,n,n
e,f,n,n
p,t,p,k
e,f,n,k
e,f,n,n
p,t,p,k
e,f,n,n
e,f,n,k
e,f,n,k
p,t,p,n
e,f,n,k
e,f,n,n
e,f,n,n
e,f,n,k
p,t,p,n
e,f,n,n
e,f,n,k
p,t,p,n
e,f,n,n
e,f,n,n
e,f,n,n
e,f,n,k
p,t,p,n
e,f,n,k
e,f,n,n
e,f,n,k
e,f,n,k
e,f,n,k
e,f,n,k
e,f,n,n
e,f,n,n
p,t,p,n
e,f,n,n
e,f,n,n
e,f,n,k
e,f,n,k
e,f,n,k
e,f,n,k
e,f,n,k
p,t,p,n
p,t,p,k
e,f,n,k
e,f,n,n
e,f,n,k
e,f,n,k
p,t,p,k
e,f,n,k
p,t,p,k
e,f,n,k
e,f,n,n
e,f,n,k
p,t,p,n
e,f,n,k
e,f,n,n
e,f,n,n
e,f,n,n
p,t,p,k
e,f,n,n
e,f,n,n
p,t,p,k
e,f,n,k
e,f,n,n
e,f,n,n
e,f,n,n
p,t,p,n
p,t,p,k
e,f,n,k
e,f,n,n
e,f,n,n
e,f,n,k
e,f,n,k
p,t,p,k
e,f,n,k
e,f,n,k
e,f,n,n
e,f,n,n
e,f,n,n
e,f,n,k
e,f,n,k
e,f,n,n
p,t,p,n
e,f,n,k
e,f,n,n
e,f,n,n
p,t,p,n
e,f,n,k
e,f,n,k
e,f,n,n
e,f,n,k
e,f,n,k
e,f,n,k
e,f,n,k
e,f,n,k
e,f,n,k
e,f,n,n
e,f,n,k
e,f,n,k
e,f,n,n
e,f,n,k
p,t,p,k
e,f,n,n
e,f,n,n
e,f,n,n
e,f,n,n
e,f,n,n
e,f,n,n
e,f,n,k
e,f,n,n
e,f,n,n
e,f,n,n
e,f,n,k
e,f,n,n
e,f,n,n
e,f,n,k
e,f,n,k
e,f,n,n
e,f,n,k
e,f,n,n
p,t,p,k
e,f,n,k
e,f,n,k
e,f,n,n
e,f,n,k
e,f,n,n
e,f,n,k
e,f,n,k
e,f,n,k
e,f,n,k
p,t,p,k
e,f,n,k
e,f,n,n
e,f,n,n
e,f,n,n
e,f,n,k
e,f,n,k
e,f,n,k
e,f,n,n
p,t,p,n
e,f,n,n
e,f,n,n
p,t,p,k
e,f,n,k
p,t,p,n
e,f,n,k
e,f,n,n
e,f,n,n
e,f,n,k
e,f,n,k
e,f,n,k
e,f,n,k
e,f,n,n
p,t,p,k
e,f,n,n
p,t,p,n
e,f,n,n
e,f,n,n
e,f,n,k
e,f,n,n
e,f,n,n
p,t,p,n
p,t,p,k
p,t,p,n
e,f,n,n
e,f,n,k
e,f,n,n
e,f,n,k
e,f,n,k
e,f,n,k
e,f,n,k
p,t,p,n
p,t,p,k
e,f,n,n
e,f,n,k
p,t,p,n
e,f,n,n
e,f,n,k
e,f,n,k
e,f,n,n
e,f,n,n
e,f,n,k
e,f,n,n
e,f,n,k
e,f,n,k
e,f,n,k
e,f,n,n
e,f,n,n
e,f,n,k
e,f,n,n
e,f,n,k
e,f,n,n
e,f,n,n
e,f,n,k
e,f,n,k
e,f,n,n
e,f,n,n
e,f,n,n
e,f,n,k
e,f,n,n
e,f,n,n
p,t,p,n
e,f,n,n
e,f,n,n
p,t,p,k
e,f,n,n
p,t,p,n
e,f,n,n
e,f,n,n
e,f,n,n
e,f,n,k
e,f,n,k
e,f,n,n
p,t,p,k
e,f,n,n
e,f,n,n
e,f,n,k
e,f,n,k
p,t,p,k
e,f,n,n
p,t,p,n
p,t,p,k
e,f,n,n
p,t,p,n
p,t,p,k
e,f,n,n
e,f,n,n
e,f,n,n
e,f,n,k
p,t,p,k
e,f,n,n
e,f,n,n
e,f,n,n
e,f,n,k
e,f,n,k
p,t,p,k
e,f,n,k
e,f,n,n
e,f,n,n
e,f,n,n
p,t,p,n
e,f,n,n
p,t,p,n
e,f,n,k
e,f,n,n
e,f,n,k
p,t,p,n
p,t,p,k
e,f,n,n
p,t,p,k
e,f,n,n
e,f,n,n
p,t,p,n
e,f,n,k
e,f,n,n
e,f,n,n
e,f,n,k
e,f,n,k
e,f,n,n
e,f,n,k
e,f,n,k
e,f,n,n
e,f,n,k
e,f,n,n
e,f,n,k
e,f,n,k
e,f,n,n
e,t,l,n
e,t,l,k
e,t,l,n
e,t,l,k
e,t,a,k
e,t,a,k
e,t,a,n
e,t,a,k
e,t,l,n
e,t,a,n
e,t,l,k
e,t,l,k
e,t,l,n
e,t,l,n
e,t,a,k
e,t,a,n
e,t,l,n
e,t,l,k
e,t,a,k
e,t,a,k
e,t,l,k
e,t,l,n
e,t,l,n
e,t,l,k
e,t,l,n
e,t,a,k
e,t,a,n
e,t,l,k
e,t,a,n
e,t,a,n
e,t,l,n
e,t,l,k
e,t,a,k
e,t,a,k
e,t,l,k
e,t,a,n
e,t,l,n
e,t,a,n
e,t,a,n
e,t,a,n
e,t,a,k
e,t,l,n
e,t,a,k
e,t,l,n
e,t,a,k
e,t,l,k
e,t,a,n
e,t,l,k
e,t,a,n
e,t,a,n
e,t,a,n
e,t,a,n
e,t,a,n
e,t,l,k
e,t,l,k
e,t,a,k
e,t,l,n
e,t,l,n
e,t,l,k
e,t,l,k
e,t,a,n
e,t,l,n
e,t,a,n
e,t,a,k
e,t,l,k
e,t,l,k
e,t,a,k
e,t,a,n
e,t,l,n
e,t,a,n
e,t,a,n
e,t,a,k
e,t,l,k
e,t,a,k
e,t,l,n
e,t,a,k
e,t,a,n
e,t,l,k
e,t,a,n
e,t,a,n
e,t,a,n
e,t,a,n
e,t,l,k
e,t,a,k
e,t,l,k
e,t,a,k
e,t,a,n
e,t,l,n
e,t,a,n
e,t,a,k
e,t,l,n
e,t,l,n
e,t,a,k
e,t,l,k
e,t,l,k
e,t,a,k
e,t,l,k
e,t,a,n
e,t,a,k
e,t,a,n
e,t,l,k
e,t,a,k
e,t,l,k
e,t,a,k
e,t,l,k
e,t,a,n
e,t,l,n
e,t,l,n
e,t,l,n
e,t,l,n
e,t,l,n
e,t,a,n
e,t,l,k
e,t,l,n
e,t,l,k
e,t,a,k
e,t,a,k
e,t,a,n
e,t,a,n
e,t,a,k
e,t,l,k
e,t,a,k
e,t,l,n
e,t,a,n
e,t,l,n
e,t,a,k
e,t,l,k
e,t,l,k
e,t,a,n
e,t,a,n
e,t,l,k
e,t,l,k
e,t,l,n
e,t,l,k
e,t,a,k
e,t,a,k
e,t,a,k
e,t,a,k
e,t,l,k
e,t,l,n
e,t,l,n
e,t,a,k
e,t,l,k
e,t,l,n
e,t,a,n
e,t,l,n
e,t,a,k
e,t,l,n
e,t,l,n
e,t,l,k
e,t,a,n
e,t,a,k
e,t,l,k
e,t,l,n
e,t,l,k
e,t,l,n
e,t,l,n
e,t,a,n
e,t,l,n
e,t,a,n
e,t,a,k
e,t,l,n
e,t,l,n
e,t,l,k
e,t,l,k
e,t,a,k
e,t,a,n
e,t,l,k
e,t,a,k
e,t,a,k
e,t,a,k
e,t,l,k
e,t,l,k
e,t,l,n
e,t,a,k
e,t,a,k
e,t,a,k
e,t,a,n
e,t,l,k
e,t,l,k
e,t,a,k
e,t,a,n
e,t,l,n
e,t,l,n
e,t,a,n
e,t,a,k
e,t,l,n
e,t,a,n
e,t,a,n
e,t,l,n
e,t,l,n
e,t,a,n
